year	lifeExp	country	continent	pop	gdpPercap
1952	28.801	Afghanistan	Asia	8425333	779.4453145
1952	30	Gambia	Africa	284320	485.2306591
1952	30.015	Angola	Africa	4232095	3520.610273
1952	30.331	Sierra Leone	Africa	2143249	879.7877358
1952	31.286	Mozambique	Africa	6446316	468.5260381
1952	31.975	Burkina Faso	Africa	4469979	543.2552413
1952	32.5	Guinea-Bissau	Africa	580653	299.850319
1952	32.548	Yemen, Rep.	Asia	4963829	781.7175761
1952	32.978	Somalia	Africa	2526994	1135.749842
1952	33.609	Guinea	Africa	2664249	510.1964923
1952	33.685	Mali	Africa	3838168	452.3369807
1952	34.078	Ethiopia	Africa	20860941	362.1462796
1952	34.482	Equatorial Guinea	Africa	216964	375.6431231
1952	34.812	Djibouti	Africa	63149	2669.529475
1952	35.463	Central African Republic	Africa	1291695	1071.310713
1952	35.928	Eritrea	Africa	1438760	328.9405571
1952	36.157	Nepal	Asia	9182536	545.8657229
1952	36.256	Malawi	Africa	2917802	369.1650802
1952	36.319	Myanmar	Asia	20092996	331
1952	36.324	Nigeria	Africa	33119096	1077.281856
1952	36.681	Madagascar	Africa	4762912	1443.011715
1952	37.003	Gabon	Africa	420702	4293.476475
1952	37.278	Senegal	Africa	2755589	1450.356983
1952	37.373	India	Asia	372000000	546.5657493
1952	37.444	Niger	Africa	3379468	761.879376
1952	37.468	Indonesia	Asia	82052000	749.6816546
1952	37.484	Bangladesh	Asia	46886859	684.2441716
1952	37.578	Oman	Asia	507833	1828.230307
1952	37.579	Haiti	Americas	3201488	1840.366939
1952	38.092	Chad	Africa	2682462	1178.665927
1952	38.223	Benin	Africa	1738315	1062.7522
1952	38.48	Liberia	Africa	863308	575.5729961
1952	38.523	Cameroon	Africa	5009067	1172.667655
1952	38.596	Togo	Africa	1219113	859.8086567
1952	38.635	Sudan	Africa	8504667	1615.991129
1952	39.031	Burundi	Africa	2445618	339.2964587
1952	39.143	Congo, Dem. Rep.	Africa	14100005	780.5423257
1952	39.417	Cambodia	Asia	4693836	368.4692856
1952	39.875	Saudi Arabia	Asia	4005677	6459.554823
1952	39.978	Uganda	Africa	5824797	734.753484
1952	40	Rwanda	Africa	2534927	493.3238752
1952	40.412	Vietnam	Asia	26246839	605.0664917
1952	40.414	Bolivia	Americas	2883315	2677.326347
1952	40.477	Cote d'Ivoire	Africa	2977019	1388.594732
1952	40.543	Mauritania	Africa	1022556	743.1159097
1952	40.715	Comoros	Africa	153936	1102.990936
1952	41.215	Tanzania	Africa	8322925	716.6500721
1952	41.407	Swaziland	Africa	290243	1148.376626
1952	41.725	Namibia	Africa	485831	2423.780443
1952	41.893	Egypt	Africa	22223309	1418.822445
1952	41.912	Honduras	Americas	1517453	2194.926204
1952	42.023	Guatemala	Americas	3146381	2428.237769
1952	42.038	Zambia	Africa	2672000	1147.388831
1952	42.111	Congo, Rep.	Africa	854885	2125.621418
1952	42.138	Lesotho	Africa	748747	298.8462121
1952	42.244	Mongolia	Asia	800663	786.5668575
1952	42.27	Kenya	Africa	6464046	853.540919
1952	42.314	Nicaragua	Americas	1165790	3112.363948
1952	42.723	Libya	Africa	1019729	2387.54806
1952	42.873	Morocco	Africa	9939217	1688.20357
1952	43.077	Algeria	Africa	9279525	2449.008185
1952	43.149	Ghana	Africa	5581001	911.2989371
1952	43.158	Jordan	Asia	607914	1546.907807
1952	43.16	West Bank and Gaza	Asia	1030585	1515.592329
1952	43.436	Pakistan	Asia	41346560	684.5971438
1952	43.585	Turkey	Europe	22235677	1969.10098
1952	43.902	Peru	Americas	8025700	3758.523437
1952	44	China	Asia	556263527	400.448611
1952	44.6	Tunisia	Africa	3647735	1468.475631
1952	44.869	Iran	Asia	17272000	3035.326002
1952	45.009	South Africa	Africa	14264935	4725.295531
1952	45.262	El Salvador	Americas	2042865	3048.3029
1952	45.32	Iraq	Asia	5441766	4129.766056
1952	45.883	Syria	Asia	3661549	1643.485354
1952	45.928	Dominican Republic	Americas	2491346	1397.717137
1952	46.471	Sao Tome and Principe	Africa	60011	879.5835855
1952	47.453	Korea, Rep.	Asia	20947571	1030.592226
1952	47.622	Botswana	Africa	442308	851.2411407
1952	47.752	Philippines	Asia	22438691	1272.880995
1952	48.357	Ecuador	Americas	3548753	3522.110717
1952	48.451	Zimbabwe	Africa	3080907	406.8841148
1952	48.463	Malaysia	Asia	6748378	1831.132894
1952	50.056	Korea, Dem. Rep.	Asia	8865488	1088.277758
1952	50.643	Colombia	Americas	12350771	2144.115096
1952	50.789	Mexico	Americas	30144317	3478.125529
1952	50.848	Thailand	Asia	21289402	757.7974177
1952	50.917	Brazil	Americas	56602560	2108.944355
1952	50.939	Bahrain	Asia	120447	9867.084765
1952	50.986	Mauritius	Africa	516556	1967.955707
1952	52.724	Reunion	Africa	257700	2718.885295
1952	53.82	Bosnia and Herzegovina	Europe	2791000	973.5331948
1952	54.745	Chile	Americas	6377619	3939.978789
1952	55.088	Venezuela	Americas	5439568	7689.799761
1952	55.191	Panama	Americas	940080	2480.380334
1952	55.23	Albania	Europe	1282697	1601.056136
1952	55.565	Kuwait	Asia	160000	108382.3529
1952	55.928	Lebanon	Asia	1439529	4834.804067
1952	57.206	Costa Rica	Americas	926317	2627.009471
1952	57.593	Sri Lanka	Asia	7982342	1083.53203
1952	57.996	Serbia	Europe	6860147	3581.459448
1952	58.5	Taiwan	Asia	8550362	1206.947913
1952	58.53	Jamaica	Americas	1426095	2898.530881
1952	59.1	Trinidad and Tobago	Americas	662850	3023.271928
1952	59.164	Montenegro	Europe	413834	2647.585601
1952	59.421	Cuba	Americas	6007797	5586.53878
1952	59.6	Bulgaria	Europe	7274900	2444.286648
1952	59.82	Portugal	Europe	8526050	3068.319867
1952	60.396	Singapore	Asia	1127000	2315.138227
1952	60.96	Hong Kong, China	Asia	2125900	3054.421209
1952	61.05	Romania	Europe	16630000	3144.613186
1952	61.21	Croatia	Europe	3882229	3119.23652
1952	61.31	Poland	Europe	25730551	4029.329699
1952	62.485	Argentina	Americas	17876956	5911.315053
1952	62.649	Paraguay	Americas	1555876	1952.308701
1952	63.03	Japan	Asia	86459025	3216.956347
1952	64.03	Hungary	Europe	9504000	5263.673816
1952	64.28	Puerto Rico	Americas	2227000	3081.959785
1952	64.36	Slovak Republic	Europe	3558137	5074.659104
1952	64.94	Spain	Europe	28549870	3834.034742
1952	65.39	Israel	Asia	1620914	4086.522128
1952	65.57	Slovenia	Europe	1489518	4215.041741
1952	65.86	Greece	Europe	7733250	3530.690067
1952	65.94	Italy	Europe	47666000	4931.404155
1952	66.071	Uruguay	Americas	2252965	5716.766744
1952	66.55	Finland	Europe	4090500	6424.519071
1952	66.8	Austria	Europe	6927772	6137.076492
1952	66.87	Czech Republic	Europe	9125183	6876.14025
1952	66.91	Ireland	Europe	2952156	5210.280328
1952	67.41	France	Europe	42459667	7029.809327
1952	67.5	Germany	Europe	69145952	7144.114393
1952	68	Belgium	Europe	8730405	8343.105127
1952	68.44	United States	Americas	157553000	13990.48208
1952	68.75	Canada	Americas	14785584	11367.16112
1952	69.18	United Kingdom	Europe	50430000	9979.508487
1952	69.62	Switzerland	Europe	4815000	14734.23275
1952	70.78	Denmark	Europe	4334000	9692.385245
1952	71.86	Sweden	Europe	7124673	8527.844662
1952	72.13	Netherlands	Europe	10381988	8941.571858
1952	72.49	Iceland	Europe	147962	7267.688428
1952	72.67	Norway	Europe	3327728	10095.42172
1957	30.332	Afghanistan	Asia	9240934	820.8530296
1957	31.57	Sierra Leone	Africa	2295678	1004.484437
1957	31.999	Angola	Africa	4561361	3827.940465
1957	32.065	Gambia	Africa	323150	520.9267111
1957	33.489	Guinea-Bissau	Africa	601095	431.7904566
1957	33.779	Mozambique	Africa	7038035	495.5868333
1957	33.97	Yemen, Rep.	Asia	5498090	804.8304547
1957	34.558	Guinea	Africa	2876726	576.2670245
1957	34.906	Burkina Faso	Africa	4713416	617.1834648
1957	34.977	Somalia	Africa	2780415	1258.147413
1957	35.307	Mali	Africa	4241884	490.3821867
1957	35.983	Equatorial Guinea	Africa	232922	426.0964081
1957	36.667	Ethiopia	Africa	22815614	378.9041632
1957	37.207	Malawi	Africa	3221238	416.3698064
1957	37.328	Djibouti	Africa	71851	2864.969076
1957	37.464	Central African Republic	Africa	1392284	1190.844328
1957	37.686	Nepal	Asia	9682338	597.9363558
1957	37.802	Nigeria	Africa	37173340	1100.592563
1957	38.047	Eritrea	Africa	1542611	344.1618859
1957	38.598	Niger	Africa	3692184	835.5234025
1957	38.865	Madagascar	Africa	5181679	1589.20275
1957	38.999	Gabon	Africa	434904	4976.198099
1957	39.329	Senegal	Africa	3054547	1567.653006
1957	39.348	Bangladesh	Asia	51365468	661.6374577
1957	39.486	Liberia	Africa	975950	620.9699901
1957	39.624	Sudan	Africa	9753392	1770.337074
1957	39.881	Chad	Africa	2894855	1308.495577
1957	39.918	Indonesia	Asia	90124000	858.9002707
1957	40.08	Oman	Asia	561977	2242.746551
1957	40.249	India	Asia	409000000	590.061996
1957	40.358	Benin	Africa	1925173	959.6010805
1957	40.428	Cameroon	Africa	5359923	1313.048099
1957	40.533	Burundi	Africa	2667518	379.5646281
1957	40.652	Congo, Dem. Rep.	Africa	15577932	905.8602303
1957	40.696	Haiti	Americas	3507701	1726.887882
1957	41.208	Togo	Africa	1357445	925.9083202
1957	41.366	Cambodia	Asia	5322536	434.0383364
1957	41.5	Rwanda	Africa	2822082	540.2893983
1957	41.89	Bolivia	Americas	3211738	2127.686326
1957	41.905	Myanmar	Asia	21731844	350
1957	42.338	Mauritania	Africa	1076852	846.1202613
1957	42.46	Comoros	Africa	170928	1211.148548
1957	42.469	Cote d'Ivoire	Africa	3300000	1500.895925
1957	42.571	Uganda	Africa	6675501	774.3710692
1957	42.868	Saudi Arabia	Asia	4419650	8157.591248
1957	42.887	Vietnam	Asia	28998543	676.2854478
1957	42.974	Tanzania	Africa	9452826	698.5356073
1957	43.424	Swaziland	Africa	326741	1244.708364
1957	44.077	Zambia	Africa	3016000	1311.956766
1957	44.142	Guatemala	Americas	3640876	2617.155967
1957	44.444	Egypt	Africa	25009741	1458.915272
1957	44.665	Honduras	Americas	1770390	2220.487682
1957	44.686	Kenya	Africa	7454779	944.4383152
1957	44.779	Ghana	Africa	6391288	1043.561537
1957	45.047	Lesotho	Africa	813338	335.9971151
1957	45.053	Congo, Rep.	Africa	940458	2315.056572
1957	45.226	Namibia	Africa	548080	2621.448058
1957	45.248	Mongolia	Asia	882134	912.6626085
1957	45.289	Libya	Africa	1201578	3448.284395
1957	45.423	Morocco	Africa	11406350	1642.002314
1957	45.432	Nicaragua	Americas	1358828	3457.415947
1957	45.557	Pakistan	Asia	46679944	747.0835292
1957	45.669	Jordan	Asia	746559	1886.080591
1957	45.671	West Bank and Gaza	Asia	1070439	1827.067742
1957	45.685	Algeria	Africa	10270856	3013.976023
1957	46.263	Peru	Americas	9146100	4245.256698
1957	47.1	Tunisia	Africa	3950849	1395.232468
1957	47.181	Iran	Asia	19792000	3290.257643
1957	47.985	South Africa	Africa	16151549	5487.104219
1957	48.079	Turkey	Europe	25670939	2218.754257
1957	48.284	Syria	Asia	4149908	2117.234893
1957	48.437	Iraq	Asia	6248643	6229.333562
1957	48.57	El Salvador	Americas	2355805	3421.523218
1957	48.945	Sao Tome and Principe	Africa	61325	860.7369026
1957	49.618	Botswana	Africa	474639	918.2325349
1957	49.828	Dominican Republic	Americas	2923186	1544.402995
1957	50.469	Zimbabwe	Africa	3646340	518.7642681
1957	50.54896	China	Asia	637408000	575.9870009
1957	51.334	Philippines	Asia	26072194	1547.944844
1957	51.356	Ecuador	Americas	4058385	3780.546651
1957	52.102	Malaysia	Asia	7739235	1810.066992
1957	52.681	Korea, Rep.	Asia	22611552	1487.593537
1957	53.285	Brazil	Americas	65551171	2487.365989
1957	53.63	Thailand	Asia	25041917	793.5774148
1957	53.832	Bahrain	Asia	138655	11635.79945
1957	54.081	Korea, Dem. Rep.	Asia	9411381	1571.134655
1957	55.09	Reunion	Africa	308700	2769.451844
1957	55.118	Colombia	Americas	14485993	2323.805581
1957	55.19	Mexico	Americas	35015548	4131.546641
1957	56.074	Chile	Americas	7048426	4315.622723
1957	57.907	Venezuela	Americas	6702668	9802.466526
1957	58.033	Kuwait	Asia	212846	113523.1329
1957	58.089	Mauritius	Africa	609816	2034.037981
1957	58.45	Bosnia and Herzegovina	Europe	3076000	1353.989176
1957	59.201	Panama	Americas	1063506	2961.800905
1957	59.28	Albania	Europe	1476505	1942.284244
1957	59.489	Lebanon	Asia	1647412	6089.786934
1957	60.026	Costa Rica	Americas	1112300	2990.010802
1957	61.448	Montenegro	Europe	442829	3682.259903
1957	61.456	Sri Lanka	Asia	9128546	1072.546602
1957	61.51	Portugal	Europe	8817650	3774.571743
1957	61.685	Serbia	Europe	7271135	4981.090891
1957	61.8	Trinidad and Tobago	Americas	764900	4100.3934
1957	62.325	Cuba	Americas	6640752	6092.174359
1957	62.4	Taiwan	Asia	10164215	1507.86129
1957	62.61	Jamaica	Americas	1535090	4756.525781
1957	63.179	Singapore	Asia	1445929	2843.104409
1957	63.196	Paraguay	Americas	1770902	2046.154706
1957	64.1	Romania	Europe	17829327	3943.370225
1957	64.399	Argentina	Americas	19610538	6856.856212
1957	64.75	Hong Kong, China	Asia	2736300	3629.076457
1957	64.77	Croatia	Europe	3991242	4338.231617
1957	65.5	Japan	Asia	91563009	4317.694365
1957	65.77	Poland	Europe	28235346	4734.253019
1957	66.41	Hungary	Europe	9839000	6040.180011
1957	66.61	Bulgaria	Europe	7651254	3008.670727
1957	66.66	Spain	Europe	29841614	4564.80241
1957	67.044	Uruguay	Americas	2424959	6150.772969
1957	67.45	Slovak Republic	Europe	3844277	6093.26298
1957	67.48	Austria	Europe	6965860	8842.59803
1957	67.49	Finland	Europe	4324000	7545.415386
1957	67.81	Italy	Europe	49182000	6248.656232
1957	67.84	Israel	Asia	1944401	5385.278451
1957	67.85	Slovenia	Europe	1533070	5862.276629
1957	67.86	Greece	Europe	8096218	4916.299889
1957	68.54	Puerto Rico	Americas	2260000	3907.156189
1957	68.9	Ireland	Europe	2878220	5599.077872
1957	68.93	France	Europe	44310863	8662.834898
1957	69.03	Czech Republic	Europe	9513758	8256.343918
1957	69.1	Germany	Europe	71019069	10187.82665
1957	69.24	Belgium	Europe	8989111	9714.960623
1957	69.49	United States	Americas	171984000	14847.12712
1957	69.96	Canada	Americas	17010154	12489.95006
1957	70.42	United Kingdom	Europe	51430000	11283.17795
1957	70.56	Switzerland	Europe	5126000	17909.48973
1957	71.81	Denmark	Europe	4487831	11099.65935
1957	72.49	Sweden	Europe	7363802	9911.878226
1957	72.99	Netherlands	Europe	11026383	11276.19344
1957	73.44	Norway	Europe	3491938	11653.97304
1957	73.47	Iceland	Europe	165110	9244.001412
1962	31.997	Afghanistan	Asia	10267083	853.10071
1962	32.767	Sierra Leone	Africa	2467895	1116.639877
1962	33.896	Gambia	Africa	374020	599.650276
1962	34	Angola	Africa	4826015	4269.276742
1962	34.488	Guinea-Bissau	Africa	627820	522.0343725
1962	35.18	Yemen, Rep.	Asia	6120081	825.6232006
1962	35.753	Guinea	Africa	3140003	686.3736739
1962	36.161	Mozambique	Africa	7788944	556.6863539
1962	36.936	Mali	Africa	4690372	496.1743428
1962	36.981	Somalia	Africa	3080153	1369.488336
1962	37.485	Equatorial Guinea	Africa	249220	582.8419714
1962	37.814	Burkina Faso	Africa	4919632	722.5120206
1962	38.41	Malawi	Africa	3628608	427.9010856
1962	39.36	Nigeria	Africa	41871351	1150.927478
1962	39.393	Nepal	Asia	10332057	652.3968593
1962	39.475	Central African Republic	Africa	1523478	1193.068753
1962	39.487	Niger	Africa	4076008	997.7661127
1962	39.693	Djibouti	Africa	89898	3020.989263
1962	40.059	Ethiopia	Africa	25145372	419.4564161
1962	40.158	Eritrea	Africa	1666618	380.9958433
1962	40.489	Gabon	Africa	455661	6631.459222
1962	40.502	Liberia	Africa	1112796	634.1951625
1962	40.848	Madagascar	Africa	5703324	1643.38711
1962	40.87	Sudan	Africa	11183227	1959.593767
1962	41.216	Bangladesh	Asia	56839289	686.3415538
1962	41.454	Senegal	Africa	3430243	1654.988723
1962	41.716	Chad	Africa	3150417	1389.817618
1962	42.045	Burundi	Africa	2961915	355.2032273
1962	42.122	Congo, Dem. Rep.	Africa	17486434	896.3146335
1962	42.518	Indonesia	Asia	99028000	849.2897701
1962	42.618	Benin	Africa	2151895	949.4990641
1962	42.643	Cameroon	Africa	5793633	1399.607441
1962	43	Rwanda	Africa	3051242	597.4730727
1962	43.165	Oman	Asia	628164	2924.638113
1962	43.415	Cambodia	Asia	6083619	496.9136476
1962	43.428	Bolivia	Americas	3593918	2180.972546
1962	43.59	Haiti	Americas	3880130	1796.589032
1962	43.605	India	Asia	454000000	658.3471509
1962	43.922	Togo	Africa	1528098	1067.53481
1962	44.246	Tanzania	Africa	10863958	722.0038073
1962	44.248	Mauritania	Africa	1146757	1055.896036
1962	44.467	Comoros	Africa	191689	1406.648278
1962	44.50136	China	Asia	665770000	487.6740183
1962	44.93	Cote d'Ivoire	Africa	3832408	1728.869428
1962	44.992	Swaziland	Africa	370006	1856.182125
1962	45.108	Myanmar	Asia	23634436	388
1962	45.344	Uganda	Africa	7688797	767.2717398
1962	45.363	Vietnam	Asia	33796140	772.0491602
1962	45.914	Saudi Arabia	Asia	4943029	11626.41975
1962	46.023	Zambia	Africa	3421000	1452.725766
1962	46.452	Ghana	Africa	7355248	1190.041118
1962	46.954	Guatemala	Americas	4208858	2750.364446
1962	46.992	Egypt	Africa	28173309	1693.335853
1962	47.67	Pakistan	Asia	53100671	803.3427418
1962	47.747	Lesotho	Africa	893143	411.8006266
1962	47.808	Libya	Africa	1441863	6757.030816
1962	47.924	Morocco	Africa	13056604	1566.353493
1962	47.949	Kenya	Africa	8678557	896.9663732
1962	48.041	Honduras	Americas	2090162	2291.156835
1962	48.126	Jordan	Asia	933559	2348.009158
1962	48.127	West Bank and Gaza	Asia	1133134	2198.956312
1962	48.251	Mongolia	Asia	1010280	1056.353958
1962	48.303	Algeria	Africa	11000948	2550.81688
1962	48.386	Namibia	Africa	621392	3173.215595
1962	48.435	Congo, Rep.	Africa	1047924	2464.783157
1962	48.632	Nicaragua	Americas	1590597	3634.364406
1962	49.096	Peru	Americas	10516500	4957.037982
1962	49.325	Iran	Asia	22874000	4187.329802
1962	49.579	Tunisia	Africa	4286552	1660.30321
1962	49.951	South Africa	Africa	18356657	5768.729717
1962	50.305	Syria	Asia	4834621	2193.037133
1962	51.457	Iraq	Asia	7240260	8341.737815
1962	51.52	Botswana	Africa	512764	983.6539764
1962	51.893	Sao Tome and Principe	Africa	65345	1071.551119
1962	52.098	Turkey	Europe	29788695	2322.869908
1962	52.307	El Salvador	Americas	2747687	3776.803627
1962	52.358	Zimbabwe	Africa	4277736	527.2721818
1962	53.459	Dominican Republic	Americas	3453434	1662.137359
1962	54.64	Ecuador	Americas	4681707	4086.114078
1962	54.757	Philippines	Asia	30325264	1649.552153
1962	55.292	Korea, Rep.	Asia	26420307	1536.344387
1962	55.665	Brazil	Americas	76039390	3336.585802
1962	55.737	Malaysia	Asia	8906385	2036.884944
1962	56.061	Thailand	Asia	29263397	1002.199172
1962	56.656	Korea, Dem. Rep.	Asia	10917494	1621.693598
1962	56.923	Bahrain	Asia	171863	12753.27514
1962	57.666	Reunion	Africa	358900	3173.72334
1962	57.863	Colombia	Americas	17009885	2492.351109
1962	57.924	Chile	Americas	7961258	4519.094331
1962	58.299	Mexico	Americas	41121485	4581.609385
1962	60.246	Mauritius	Africa	701016	2529.067487
1962	60.47	Kuwait	Asia	358266	95458.11176
1962	60.77	Venezuela	Americas	8143375	8422.974165
1962	61.817	Panama	Americas	1215725	3536.540301
1962	61.93	Bosnia and Herzegovina	Europe	3349000	1709.683679
1962	62.094	Lebanon	Asia	1886848	5714.560611
1962	62.192	Sri Lanka	Asia	10421936	1074.47196
1962	62.842	Costa Rica	Americas	1345187	3460.937025
1962	63.728	Montenegro	Europe	474528	4649.593785
1962	64.361	Paraguay	Americas	2009813	2148.027146
1962	64.39	Portugal	Europe	9019800	4727.954889
1962	64.531	Serbia	Europe	7616060	6289.629157
1962	64.82	Albania	Europe	1728137	2312.888958
1962	64.9	Trinidad and Tobago	Americas	887498	4997.523971
1962	65.142	Argentina	Americas	21283783	7133.166023
1962	65.2	Taiwan	Asia	11918938	1822.879028
1962	65.246	Cuba	Americas	7254373	5180.75591
1962	65.61	Jamaica	Americas	1665128	5246.107524
1962	65.798	Singapore	Asia	1750200	3674.735572
1962	66.8	Romania	Europe	18680721	4734.997586
1962	67.13	Croatia	Europe	4076557	5477.890018
1962	67.64	Poland	Europe	30329617	5338.752143
1962	67.65	Hong Kong, China	Asia	3305200	4692.648272
1962	67.96	Hungary	Europe	10063000	7550.359877
1962	68.253	Uruguay	Americas	2598466	5603.357717
1962	68.73	Japan	Asia	95831757	6576.649461
1962	68.75	Finland	Europe	4491443	9371.842561
1962	69.15	Slovenia	Europe	1582962	7402.303395
1962	69.24	Italy	Europe	50843200	8243.58234
1962	69.39	Israel	Asia	2310904	7105.630706
1962	69.51	Bulgaria	Europe	8012946	4254.337839
1962	69.51	Greece	Europe	8448233	6017.190733
1962	69.54	Austria	Europe	7129864	10750.72111
1962	69.62	Puerto Rico	Americas	2448046	5108.34463
1962	69.69	Spain	Europe	31158061	5693.843879
1962	69.9	Czech Republic	Europe	9620282	10136.86713
1962	70.21	United States	Americas	186538000	16173.14586
1962	70.25	Belgium	Europe	9218400	10991.20676
1962	70.29	Ireland	Europe	2830000	6631.597314
1962	70.3	Germany	Europe	73739117	12902.46291
1962	70.33	Slovak Republic	Europe	4237384	7481.107598
1962	70.51	France	Europe	47124000	10560.48553
1962	70.76	United Kingdom	Europe	53292000	12477.17707
1962	71.3	Canada	Americas	18985849	13462.48555
1962	71.32	Switzerland	Europe	5666000	20431.0927
1962	72.35	Denmark	Europe	4646899	13583.31351
1962	73.23	Netherlands	Europe	11805689	12790.84956
1962	73.37	Sweden	Europe	7561588	12329.44192
1962	73.47	Norway	Europe	3638919	13450.40151
1962	73.68	Iceland	Europe	182053	10350.15906
1967	34.02	Afghanistan	Asia	11537966	836.1971382
1967	34.113	Sierra Leone	Africa	2662190	1206.043465
1967	35.492	Guinea-Bissau	Africa	601287	715.5806402
1967	35.857	Gambia	Africa	439593	734.7829124
1967	35.985	Angola	Africa	5247469	5522.776375
1967	36.984	Yemen, Rep.	Asia	6740785	862.4421463
1967	37.197	Guinea	Africa	3451418	708.7595409
1967	38.113	Mozambique	Africa	8680909	566.6691539
1967	38.487	Mali	Africa	5212416	545.0098873
1967	38.977	Somalia	Africa	3428839	1284.73318
1967	38.987	Equatorial Guinea	Africa	259864	915.5960025
1967	39.487	Malawi	Africa	4147252	495.5147806
1967	40.118	Niger	Africa	4534062	1054.384891
1967	40.697	Burkina Faso	Africa	5127935	794.8265597
1967	41.04	Nigeria	Africa	47287752	1014.514104
1967	41.472	Nepal	Asia	11261690	676.4422254
1967	41.478	Central African Republic	Africa	1733638	1136.056615
1967	41.536	Liberia	Africa	1279406	713.6036483
1967	42.074	Djibouti	Africa	127617	3020.050513
1967	42.115	Ethiopia	Africa	27860297	516.1186438
1967	42.189	Eritrea	Africa	1820319	468.7949699
1967	42.858	Sudan	Africa	12716129	1687.997641
1967	42.881	Madagascar	Africa	6334556	1634.047282
1967	43.453	Bangladesh	Asia	62821884	721.1860862
1967	43.548	Burundi	Africa	3330989	412.9775136
1967	43.563	Senegal	Africa	3965841	1612.404632
1967	43.601	Chad	Africa	3495967	1196.810565
1967	44.056	Congo, Dem. Rep.	Africa	19941073	861.5932424
1967	44.1	Rwanda	Africa	3451079	510.9637142
1967	44.598	Gabon	Africa	489004	8358.761987
1967	44.799	Cameroon	Africa	6335506	1508.453148
1967	44.885	Benin	Africa	2427334	1035.831411
1967	45.032	Bolivia	Americas	4040665	2586.886053
1967	45.415	Cambodia	Asia	6960067	523.4323142
1967	45.757	Tanzania	Africa	12607312	848.2186575
1967	45.964	Indonesia	Asia	109343000	762.4317721
1967	46.243	Haiti	Americas	4318137	1452.057666
1967	46.289	Mauritania	Africa	1230542	1421.145193
1967	46.472	Comoros	Africa	217378	1876.029643
1967	46.633	Swaziland	Africa	420690	2613.101665
1967	46.769	Togo	Africa	1735550	1477.59676
1967	46.988	Oman	Asia	714775	4720.942687
1967	47.193	India	Asia	506000000	700.7706107
1967	47.35	Cote d'Ivoire	Africa	4744870	2052.050473
1967	47.768	Zambia	Africa	3900000	1777.077318
1967	47.838	Vietnam	Asia	39463910	637.1232887
1967	48.051	Uganda	Africa	8900294	908.9185217
1967	48.072	Ghana	Africa	8490213	1125.69716
1967	48.492	Lesotho	Africa	996380	498.6390265
1967	49.293	Egypt	Africa	31681188	1814.880728
1967	49.379	Myanmar	Asia	25870271	349
1967	49.8	Pakistan	Asia	60641899	942.4082588
1967	49.901	Saudi Arabia	Asia	5618198	16903.04886
1967	50.016	Guatemala	Americas	4690773	3242.531147
1967	50.227	Libya	Africa	1759224	18772.75169
1967	50.335	Morocco	Africa	14770296	1711.04477
1967	50.654	Kenya	Africa	10191512	1056.736457
1967	50.924	Honduras	Americas	2500689	2538.269358
1967	51.159	Namibia	Africa	706640	3793.694753
1967	51.253	Mongolia	Asia	1149500	1226.04113
1967	51.407	Algeria	Africa	12760499	3246.991771
1967	51.445	Peru	Americas	12132200	5788.09333
1967	51.629	Jordan	Asia	1255058	2741.796252
1967	51.631	West Bank and Gaza	Asia	1142636	2649.715007
1967	51.884	Nicaragua	Americas	1865490	4643.393534
1967	51.927	South Africa	Africa	20997321	7114.477971
1967	52.04	Congo, Rep.	Africa	1179760	2677.939642
1967	52.053	Tunisia	Africa	4786986	1932.360167
1967	52.469	Iran	Asia	26538000	5906.731805
1967	53.298	Botswana	Africa	553541	1214.709294
1967	53.655	Syria	Asia	5680812	1881.923632
1967	53.995	Zimbabwe	Africa	4995432	569.7950712
1967	54.336	Turkey	Europe	33411317	2826.356387
1967	54.425	Sao Tome and Principe	Africa	70787	1384.840593
1967	54.459	Iraq	Asia	8519282	8931.459811
1967	55.855	El Salvador	Americas	3232927	4358.595393
1967	56.393	Philippines	Asia	35356600	1814.12743
1967	56.678	Ecuador	Americas	5432424	4579.074215
1967	56.751	Dominican Republic	Americas	4049146	1653.723003
1967	57.632	Brazil	Americas	88049823	3429.864357
1967	57.716	Korea, Rep.	Asia	30131000	2029.228142
1967	58.285	Thailand	Asia	34024249	1295.46066
1967	58.38112	China	Asia	754550000	612.7056934
1967	59.371	Malaysia	Asia	10154878	2277.742396
1967	59.923	Bahrain	Asia	202182	14804.6727
1967	59.942	Korea, Dem. Rep.	Asia	12617009	2143.540609
1967	59.963	Colombia	Americas	19764027	2678.729839
1967	60.11	Mexico	Americas	47995559	5754.733883
1967	60.523	Chile	Americas	8858908	5106.654313
1967	60.542	Reunion	Africa	414024	4021.175739
1967	61.557	Mauritius	Africa	789309	2475.387562
1967	63.479	Venezuela	Americas	9709552	9541.474188
1967	63.87	Lebanon	Asia	2186894	6006.983042
1967	64.071	Panama	Americas	1405486	4421.009084
1967	64.266	Sri Lanka	Asia	11737396	1135.514326
1967	64.624	Kuwait	Asia	575003	80894.88326
1967	64.79	Bosnia and Herzegovina	Europe	3585000	2172.352423
1967	64.951	Paraguay	Americas	2287985	2299.376311
1967	65.4	Trinidad and Tobago	Americas	960155	5621.368472
1967	65.424	Costa Rica	Americas	1588717	4161.727834
1967	65.634	Argentina	Americas	22934225	8052.953021
1967	66.22	Albania	Europe	1984060	2760.196931
1967	66.6	Portugal	Europe	9103000	6361.517993
1967	66.8	Romania	Europe	19284814	6470.866545
1967	66.914	Serbia	Europe	7971222	7991.707066
1967	67.178	Montenegro	Europe	501035	5907.850937
1967	67.5	Taiwan	Asia	13648692	2643.858681
1967	67.51	Jamaica	Americas	1861096	6124.703451
1967	67.946	Singapore	Asia	1977600	4977.41854
1967	68.29	Cuba	Americas	8139332	5690.268015
1967	68.468	Uruguay	Americas	2748579	5444.61962
1967	68.5	Croatia	Europe	4174366	6960.297861
1967	69.18	Slovenia	Europe	1646912	9405.489397
1967	69.5	Hungary	Europe	10223422	9326.64467
1967	69.61	Poland	Europe	31785378	6557.152776
1967	69.83	Finland	Europe	4605744	10921.63626
1967	70	Hong Kong, China	Asia	3722800	6197.962814
1967	70.14	Austria	Europe	7376998	12834.6024
1967	70.38	Czech Republic	Europe	9835109	11399.44489
1967	70.42	Bulgaria	Europe	8310226	5577.0028
1967	70.75	Israel	Asia	2693585	8393.741404
1967	70.76	United States	Americas	198712000	19530.36557
1967	70.8	Germany	Europe	76368453	14745.62561
1967	70.94	Belgium	Europe	9556500	13149.04119
1967	70.98	Slovak Republic	Europe	4442238	8412.902397
1967	71	Greece	Europe	8716441	8513.097016
1967	71.06	Italy	Europe	52667100	10022.40131
1967	71.08	Ireland	Europe	2900100	7655.568963
1967	71.1	Puerto Rico	Americas	2648961	6929.277714
1967	71.36	United Kingdom	Europe	54959000	14142.85089
1967	71.43	Japan	Asia	100825279	9847.788607
1967	71.44	Spain	Europe	32850275	7993.512294
1967	71.55	France	Europe	49569000	12999.91766
1967	72.13	Canada	Americas	20819767	16076.58803
1967	72.77	Switzerland	Europe	6063000	22966.14432
1967	72.96	Denmark	Europe	4838800	15937.21123
1967	73.73	Iceland	Europe	198676	13319.89568
1967	73.82	Netherlands	Europe	12596822	15363.25136
1967	74.08	Norway	Europe	3786019	16361.87647
1967	74.16	Sweden	Europe	7867931	15258.29697
1972	35.4	Sierra Leone	Africa	2879013	1353.759762
1972	36.088	Afghanistan	Asia	13079460	739.9811058
1972	36.486	Guinea-Bissau	Africa	625361	820.2245876
1972	37.928	Angola	Africa	5894858	5473.288005
1972	38.308	Gambia	Africa	517101	756.0868363
1972	38.842	Guinea	Africa	3811387	741.6662307
1972	39.848	Yemen, Rep.	Asia	7407075	1265.047031
1972	39.977	Mali	Africa	5828158	581.3688761
1972	40.317	Cambodia	Asia	7450606	421.6240257
1972	40.328	Mozambique	Africa	9809596	724.9178037
1972	40.516	Equatorial Guinea	Africa	277603	672.4122571
1972	40.546	Niger	Africa	5060262	954.2092363
1972	40.973	Somalia	Africa	3840161	1254.576127
1972	41.766	Malawi	Africa	4730997	584.6219709
1972	42.614	Liberia	Africa	1482628	803.0054535
1972	42.821	Nigeria	Africa	53740085	1698.388838
1972	43.457	Central African Republic	Africa	1927260	1070.013275
1972	43.515	Ethiopia	Africa	30770372	566.2439442
1972	43.591	Burkina Faso	Africa	5433886	854.7359763
1972	43.971	Nepal	Asia	12412593	674.7881296
1972	44.057	Burundi	Africa	3529983	464.0995039
1972	44.142	Eritrea	Africa	2260187	514.3242082
1972	44.366	Djibouti	Africa	178848	3694.212352
1972	44.6	Rwanda	Africa	3992121	590.5806638
1972	44.851	Madagascar	Africa	7082430	1748.562982
1972	45.083	Sudan	Africa	14597019	1659.652775
1972	45.252	Bangladesh	Asia	70759295	630.2336265
1972	45.569	Chad	Africa	3899068	1104.103987
1972	45.815	Senegal	Africa	4588696	1597.712056
1972	45.989	Congo, Dem. Rep.	Africa	23007669	904.8960685
1972	46.714	Bolivia	Americas	4565872	2980.331339
1972	47.014	Benin	Africa	2761407	1085.796879
1972	47.049	Cameroon	Africa	7021028	1684.146528
1972	47.62	Tanzania	Africa	14706593	915.9850592
1972	48.042	Haiti	Americas	4698301	1654.456946
1972	48.437	Mauritania	Africa	1332786	1586.851781
1972	48.69	Gabon	Africa	537977	11401.94841
1972	48.944	Comoros	Africa	250027	1937.577675
1972	49.203	Indonesia	Asia	121282000	1111.107907
1972	49.552	Swaziland	Africa	480105	3364.836625
1972	49.759	Togo	Africa	2056351	1649.660188
1972	49.767	Lesotho	Africa	1116779	496.5815922
1972	49.801	Cote d'Ivoire	Africa	6071696	2378.201111
1972	49.875	Ghana	Africa	9354120	1178.223708
1972	50.107	Zambia	Africa	4506497	1773.498265
1972	50.254	Vietnam	Asia	44655014	699.5016441
1972	50.651	India	Asia	567000000	724.032527
1972	51.016	Uganda	Africa	10190285	950.735869
1972	51.137	Egypt	Africa	34807417	2024.008147
1972	51.929	Pakistan	Asia	69325921	1049.938981
1972	52.143	Oman	Asia	829050	10618.03855
1972	52.773	Libya	Africa	2183877	21011.49721
1972	52.862	Morocco	Africa	16660670	1930.194975
1972	53.07	Myanmar	Asia	28466390	357
1972	53.559	Kenya	Africa	12044785	1222.359968
1972	53.696	South Africa	Africa	23935810	7765.962636
1972	53.738	Guatemala	Americas	5149581	4031.408271
1972	53.754	Mongolia	Asia	1320500	1421.741975
1972	53.867	Namibia	Africa	821782	3746.080948
1972	53.884	Honduras	Americas	2965146	2529.842345
1972	53.886	Saudi Arabia	Asia	6472756	24837.42865
1972	54.518	Algeria	Africa	14760787	4182.663766
1972	54.907	Congo, Rep.	Africa	1340458	3213.152683
1972	55.151	Nicaragua	Americas	2182908	4688.593267
1972	55.234	Iran	Asia	30614000	9613.818607
1972	55.448	Peru	Americas	13954700	5937.827283
1972	55.602	Tunisia	Africa	5303507	2753.285994
1972	55.635	Zimbabwe	Africa	5861135	799.3621758
1972	56.024	Botswana	Africa	619351	2263.611114
1972	56.48	Sao Tome and Principe	Africa	76595	1532.985254
1972	56.528	Jordan	Asia	1613551	2110.856309
1972	56.532	West Bank and Gaza	Asia	1089572	3133.409277
1972	56.95	Iraq	Asia	10061506	9576.037596
1972	57.005	Turkey	Europe	37492953	3450.69638
1972	57.296	Syria	Asia	6701172	2571.423014
1972	58.065	Philippines	Asia	40850141	1989.37407
1972	58.207	El Salvador	Americas	3790903	4520.246008
1972	58.796	Ecuador	Americas	6298651	5280.99471
1972	59.504	Brazil	Americas	100840058	4985.711467
1972	59.631	Dominican Republic	Americas	4671329	2189.874499
1972	60.405	Thailand	Asia	39276153	1524.358936
1972	61.623	Colombia	Americas	22542890	3264.660041
1972	62.361	Mexico	Americas	55984294	6809.40669
1972	62.612	Korea, Rep.	Asia	33505000	3030.87665
1972	62.944	Mauritius	Africa	851334	2575.484158
1972	63.01	Malaysia	Asia	11441462	2849.09478
1972	63.11888	China	Asia	862030000	676.9000921
1972	63.3	Bahrain	Asia	230800	18268.65839
1972	63.441	Chile	Americas	9717524	5494.024437
1972	63.983	Korea, Dem. Rep.	Asia	14781241	3701.621503
1972	64.274	Reunion	Africa	461633	5047.658563
1972	65.042	Sri Lanka	Asia	13016733	1213.39553
1972	65.421	Lebanon	Asia	2680018	7486.384341
1972	65.712	Venezuela	Americas	11515649	10505.25966
1972	65.815	Paraguay	Americas	2614104	2523.337977
1972	65.9	Trinidad and Tobago	Americas	975199	6619.551419
1972	66.216	Panama	Americas	1616384	5364.249663
1972	67.065	Argentina	Americas	24779799	9443.038526
1972	67.45	Bosnia and Herzegovina	Europe	3819000	2860.16975
1972	67.69	Albania	Europe	2263554	3313.422188
1972	67.712	Kuwait	Asia	841934	109347.867
1972	67.849	Costa Rica	Americas	1834796	5118.146939
1972	68.673	Uruguay	Americas	2829526	5703.408898
1972	68.7	Serbia	Europe	8313288	10522.06749
1972	69	Jamaica	Americas	1997616	7433.889293
1972	69.21	Romania	Europe	20662648	8011.414402
1972	69.26	Portugal	Europe	8970450	9022.247417
1972	69.39	Taiwan	Asia	15226039	4062.523897
1972	69.521	Singapore	Asia	2152400	8597.756202
1972	69.61	Croatia	Europe	4225310	9164.090127
1972	69.76	Hungary	Europe	10394091	10168.65611
1972	69.82	Slovenia	Europe	1694510	12383.4862
1972	70.29	Czech Republic	Europe	9862158	13108.4536
1972	70.35	Slovak Republic	Europe	4593433	9674.167626
1972	70.63	Austria	Europe	7544201	16661.6256
1972	70.636	Montenegro	Europe	527678	7778.414017
1972	70.723	Cuba	Americas	8831348	5305.445256
1972	70.85	Poland	Europe	33039545	8006.506993
1972	70.87	Finland	Europe	4639657	14358.8759
1972	70.9	Bulgaria	Europe	8576200	6597.494398
1972	71	Germany	Europe	78717088	18016.18027
1972	71.28	Ireland	Europe	3024400	9530.772896
1972	71.34	United States	Americas	209896000	21806.03594
1972	71.44	Belgium	Europe	9709100	16672.14356
1972	71.63	Israel	Asia	3095893	12786.93223
1972	72	Hong Kong, China	Asia	4115700	8315.928145
1972	72.01	United Kingdom	Europe	56079000	15895.11641
1972	72.16	Puerto Rico	Americas	2847132	9123.041742
1972	72.19	Italy	Europe	54365564	12269.27378
1972	72.34	Greece	Europe	8888628	12724.82957
1972	72.38	France	Europe	51732000	16107.19171
1972	72.88	Canada	Americas	22284500	18970.57086
1972	73.06	Spain	Europe	34513161	10638.75131
1972	73.42	Japan	Asia	107188273	14778.78636
1972	73.47	Denmark	Europe	4991596	18866.20721
1972	73.75	Netherlands	Europe	13329874	18794.74567
1972	73.78	Switzerland	Europe	6401400	27195.11304
1972	74.34	Norway	Europe	3933004	18965.05551
1972	74.46	Iceland	Europe	209275	15798.06362
1972	74.72	Sweden	Europe	8122293	17832.02464
1977	31.22	Cambodia	Asia	6978607	524.9721832
1977	36.788	Sierra Leone	Africa	3140897	1348.285159
1977	37.465	Guinea-Bissau	Africa	745228	764.7259628
1977	38.438	Afghanistan	Asia	14880372	786.11336
1977	39.483	Angola	Africa	6162675	3008.647355
1977	40.762	Guinea	Africa	4227026	874.6858643
1977	41.291	Niger	Africa	5682086	808.8970728
1977	41.714	Mali	Africa	6491649	686.3952693
1977	41.842	Gambia	Africa	608274	884.7552507
1977	41.974	Somalia	Africa	4353666	1450.992513
1977	42.024	Equatorial Guinea	Africa	192675	958.5668124
1977	42.495	Mozambique	Africa	11127868	502.3197334
1977	43.764	Liberia	Africa	1703617	640.3224383
1977	43.767	Malawi	Africa	5637246	663.2236766
1977	44.175	Yemen, Rep.	Asia	8403990	1829.765177
1977	44.51	Ethiopia	Africa	34617799	556.8083834
1977	44.514	Nigeria	Africa	62209173	1981.951806
1977	44.535	Eritrea	Africa	2512642	505.7538077
1977	45	Rwanda	Africa	4657072	670.0806011
1977	45.91	Burundi	Africa	3834415	556.1032651
1977	46.137	Burkina Faso	Africa	5889574	743.3870368
1977	46.519	Djibouti	Africa	228694	3081.761022
1977	46.748	Nepal	Asia	13933198	694.1124398
1977	46.775	Central African Republic	Africa	2167533	1109.374338
1977	46.881	Madagascar	Africa	8007166	1544.228586
1977	46.923	Bangladesh	Asia	80428306	659.8772322
1977	47.383	Chad	Africa	4388260	1133.98495
1977	47.8	Sudan	Africa	17104986	2202.988423
1977	47.804	Congo, Dem. Rep.	Africa	26480870	795.757282
1977	48.879	Senegal	Africa	5260855	1561.769116
1977	49.19	Benin	Africa	3168267	1029.161251
1977	49.355	Cameroon	Africa	7959865	1783.432873
1977	49.919	Tanzania	Africa	17129565	962.4922932
1977	49.923	Haiti	Americas	4908554	1874.298931
1977	50.023	Bolivia	Americas	5079716	3548.097832
1977	50.35	Uganda	Africa	11457758	843.7331372
1977	50.852	Mauritania	Africa	1456688	1497.492223
1977	50.939	Comoros	Africa	304739	1172.603047
1977	51.386	Zambia	Africa	5216550	1588.688299
1977	51.756	Ghana	Africa	10538093	993.2239571
1977	52.208	Lesotho	Africa	1251524	745.3695408
1977	52.374	Cote d'Ivoire	Africa	7459574	2517.736547
1977	52.537	Swaziland	Africa	551425	3781.410618
1977	52.702	Indonesia	Asia	136725000	1382.702056
1977	52.79	Gabon	Africa	706367	21745.57328
1977	52.887	Togo	Africa	2308582	1532.776998
1977	53.319	Egypt	Africa	38783863	2785.493582
1977	54.043	Pakistan	Asia	78152686	1175.921193
1977	54.208	India	Asia	634000000	813.337323
1977	55.491	Mongolia	Asia	1528000	1647.511665
1977	55.527	South Africa	Africa	27129932	8028.651439
1977	55.625	Congo, Rep.	Africa	1536769	3259.178978
1977	55.73	Morocco	Africa	18396941	2370.619976
1977	55.764	Vietnam	Asia	50533506	713.5371196
1977	56.029	Guatemala	Americas	5703430	4879.992748
1977	56.059	Myanmar	Asia	31528087	371
1977	56.155	Kenya	Africa	14500404	1267.613204
1977	56.437	Namibia	Africa	977026	3876.485958
1977	56.696	El Salvador	Americas	4282586	5138.922374
1977	57.367	Oman	Asia	1004533	11848.34392
1977	57.402	Honduras	Americas	3055235	3203.208066
1977	57.442	Libya	Africa	2721783	21951.21176
1977	57.47	Nicaragua	Americas	2554598	5486.371089
1977	57.674	Zimbabwe	Africa	6642107	685.5876821
1977	57.702	Iran	Asia	35480679	11888.59508
1977	58.014	Algeria	Africa	17152804	4910.416756
1977	58.447	Peru	Americas	15990099	6281.290855
1977	58.55	Sao Tome and Principe	Africa	86796	1737.561657
1977	58.69	Saudi Arabia	Asia	8128505	34167.7626
1977	59.319	Botswana	Africa	781472	3214.857818
1977	59.507	Turkey	Europe	42404033	4269.122326
1977	59.837	Tunisia	Africa	6005061	3120.876811
1977	60.06	Philippines	Asia	46850962	2373.204287
1977	60.413	Iraq	Asia	11882916	14688.23507
1977	60.765	West Bank and Gaza	Asia	1261091	3682.831494
1977	61.134	Jordan	Asia	1937652	2852.351568
1977	61.195	Syria	Asia	7932503	3195.484582
1977	61.31	Ecuador	Americas	7278866	6679.62326
1977	61.489	Brazil	Americas	114313951	6660.118654
1977	61.788	Dominican Republic	Americas	5302800	2681.9889
1977	62.494	Thailand	Asia	44148285	1961.224635
1977	63.837	Colombia	Americas	25094412	3815.80787
1977	63.96736	China	Asia	943455000	741.2374699
1977	64.766	Korea, Rep.	Asia	36436000	4657.22102
1977	64.93	Mauritius	Africa	913025	3710.982963
1977	65.032	Mexico	Americas	63759976	7674.929108
1977	65.256	Malaysia	Asia	12845381	3827.921571
1977	65.593	Bahrain	Asia	297410	19340.10196
1977	65.949	Sri Lanka	Asia	14116836	1348.775651
1977	66.099	Lebanon	Asia	3115787	8659.696836
1977	66.353	Paraguay	Americas	2984494	3248.373311
1977	67.052	Chile	Americas	10599793	4756.763836
1977	67.064	Reunion	Africa	492095	4319.804067
1977	67.159	Korea, Dem. Rep.	Asia	16325320	4106.301249
1977	67.456	Venezuela	Americas	13503563	13143.95095
1977	68.3	Trinidad and Tobago	Americas	1039009	7899.554209
1977	68.481	Argentina	Americas	26983828	10079.02674
1977	68.681	Panama	Americas	1839782	5351.912144
1977	68.93	Albania	Europe	2509048	3533.00391
1977	69.343	Kuwait	Asia	1140357	59265.47714
1977	69.46	Romania	Europe	21658597	9356.39724
1977	69.481	Uruguay	Americas	2873520	6504.339663
1977	69.86	Bosnia and Herzegovina	Europe	4086000	3528.481305
1977	69.95	Hungary	Europe	10637171	11674.83737
1977	70.11	Jamaica	Americas	2156814	6650.195573
1977	70.3	Serbia	Europe	8686367	12980.66956
1977	70.41	Portugal	Europe	9662600	10172.48572
1977	70.45	Slovak Republic	Europe	4827803	10922.66404
1977	70.59	Taiwan	Asia	16785196	5596.519826
1977	70.64	Croatia	Europe	4318673	11305.38517
1977	70.67	Poland	Europe	34621254	9508.141454
1977	70.71	Czech Republic	Europe	10161915	14800.16062
1977	70.75	Costa Rica	Americas	2108457	5926.876967
1977	70.795	Singapore	Asia	2325300	11210.08948
1977	70.81	Bulgaria	Europe	8797022	7612.240438
1977	70.97	Slovenia	Europe	1746919	15277.03017
1977	72.03	Ireland	Europe	3271900	11150.98113
1977	72.17	Austria	Europe	7568430	19749.4223
1977	72.5	Germany	Europe	78160773	20512.92123
1977	72.52	Finland	Europe	4738902	15605.42283
1977	72.649	Cuba	Americas	9537988	6380.494966
1977	72.76	United Kingdom	Europe	56179000	17428.74846
1977	72.8	Belgium	Europe	9821800	19117.97448
1977	73.06	Israel	Asia	3495918	13306.61921
1977	73.066	Montenegro	Europe	560073	9595.929905
1977	73.38	United States	Americas	220239000	24072.63213
1977	73.44	Puerto Rico	Americas	3080828	9770.524921
1977	73.48	Italy	Europe	56059245	14255.98475
1977	73.6	Hong Kong, China	Asia	4583700	11186.14125
1977	73.68	Greece	Europe	9308479	14195.52428
1977	73.83	France	Europe	53165019	18292.63514
1977	74.21	Canada	Americas	23796400	22090.88306
1977	74.39	Spain	Europe	36439000	13236.92117
1977	74.69	Denmark	Europe	5088419	20422.9015
1977	75.24	Netherlands	Europe	13852989	21209.0592
1977	75.37	Norway	Europe	4043205	23311.34939
1977	75.38	Japan	Asia	113872473	16610.37701
1977	75.39	Switzerland	Europe	6316424	26982.29052
1977	75.44	Sweden	Europe	8251648	18855.72521
1977	76.11	Iceland	Europe	221823	19654.96247
1982	38.445	Sierra Leone	Africa	3464522	1465.010784
1982	39.327	Guinea-Bissau	Africa	825987	838.1239671
1982	39.854	Afghanistan	Asia	12881816	978.0114388
1982	39.942	Angola	Africa	7016384	2756.953672
1982	42.598	Niger	Africa	6437188	909.7221354
1982	42.795	Mozambique	Africa	12587223	462.2114149
1982	42.891	Guinea	Africa	4710497	857.2503577
1982	42.955	Somalia	Africa	5828892	1176.807031
1982	43.662	Equatorial Guinea	Africa	285483	927.8253427
1982	43.89	Eritrea	Africa	2637297	524.8758493
1982	43.916	Mali	Africa	6998256	618.0140641
1982	44.852	Liberia	Africa	1956875	572.1995694
1982	44.916	Ethiopia	Africa	38111756	577.8607471
1982	45.58	Gambia	Africa	715523	835.8096108
1982	45.642	Malawi	Africa	6502825	632.8039209
1982	45.826	Nigeria	Africa	73039376	1576.97375
1982	46.218	Rwanda	Africa	5507565	881.5706467
1982	47.471	Burundi	Africa	4580410	559.603231
1982	47.784	Congo, Dem. Rep.	Africa	30646495	673.7478181
1982	48.122	Burkina Faso	Africa	6634596	807.1985855
1982	48.295	Central African Republic	Africa	2476971	956.7529907
1982	48.812	Djibouti	Africa	305991	2879.468067
1982	48.969	Madagascar	Africa	9171477	1302.878658
1982	49.113	Yemen, Rep.	Asia	9657618	1977.55701
1982	49.517	Chad	Africa	4875118	797.9081006
1982	49.594	Nepal	Asia	15796314	718.3730947
1982	49.849	Uganda	Africa	12939400	682.2662268
1982	50.009	Bangladesh	Asia	93074406	676.9818656
1982	50.338	Sudan	Africa	20367053	1895.544073
1982	50.608	Tanzania	Africa	19844382	874.2426069
1982	50.904	Benin	Africa	3641603	1277.897616
1982	50.957	Cambodia	Asia	7272485	624.4754784
1982	51.461	Haiti	Americas	5198399	2011.159549
1982	51.821	Zambia	Africa	6100407	1408.678565
1982	52.379	Senegal	Africa	6147783	1518.479984
1982	52.933	Comoros	Africa	348643	1267.100083
1982	52.961	Cameroon	Africa	9250831	2367.983282
1982	53.599	Mauritania	Africa	1622136	1481.150189
1982	53.744	Ghana	Africa	11400338	876.032569
1982	53.859	Bolivia	Americas	5642224	3156.510452
1982	53.983	Cote d'Ivoire	Africa	9025951	2602.710169
1982	55.078	Lesotho	Africa	1411807	797.2631074
1982	55.471	Togo	Africa	2644765	1344.577953
1982	55.561	Swaziland	Africa	649901	3895.384018
1982	56.006	Egypt	Africa	45681811	3503.729636
1982	56.158	Pakistan	Asia	91462088	1443.429832
1982	56.159	Indonesia	Asia	153343000	1516.872988
1982	56.564	Gabon	Africa	753874	15113.36194
1982	56.596	India	Asia	708000000	855.7235377
1982	56.604	El Salvador	Americas	4474873	4098.344175
1982	56.695	Congo, Rep.	Africa	1774735	4879.507522
1982	57.489	Mongolia	Asia	1756032	2000.603139
1982	58.056	Myanmar	Asia	34680442	424
1982	58.137	Guatemala	Americas	6395630	4820.49479
1982	58.161	South Africa	Africa	31140029	8568.266228
1982	58.766	Kenya	Africa	17661452	1348.225791
1982	58.816	Vietnam	Asia	56142181	707.2357863
1982	58.968	Namibia	Africa	1099010	4191.100511
1982	59.298	Nicaragua	Americas	2979423	3470.338156
1982	59.62	Iran	Asia	43072751	7608.334602
1982	59.65	Morocco	Africa	20198730	2702.620356
1982	60.351	Sao Tome and Principe	Africa	98593	1890.218117
1982	60.363	Zimbabwe	Africa	7636524	788.8550411
1982	60.909	Honduras	Americas	3669448	3121.760794
1982	61.036	Turkey	Europe	47328791	4241.356344
1982	61.368	Algeria	Africa	20033753	5745.160213
1982	61.406	Peru	Americas	18125129	6434.501797
1982	61.484	Botswana	Africa	970347	4551.14215
1982	62.038	Iraq	Asia	14173318	14517.90711
1982	62.082	Philippines	Asia	53456774	2603.273765
1982	62.155	Libya	Africa	3344074	17364.27538
1982	62.728	Oman	Asia	1301048	12954.79101
1982	63.012	Saudi Arabia	Asia	11254672	33693.17525
1982	63.336	Brazil	Americas	128962939	7030.835878
1982	63.727	Dominican Republic	Americas	5968349	2861.092386
1982	63.739	Jordan	Asia	2347031	4161.415959
1982	64.048	Tunisia	Africa	6734098	3560.233174
1982	64.342	Ecuador	Americas	8365850	7213.791267
1982	64.406	West Bank and Gaza	Asia	1425876	4336.032082
1982	64.59	Syria	Asia	9410494	3761.837715
1982	64.597	Thailand	Asia	48827160	2393.219781
1982	65.525	China	Asia	1000281000	962.4213805
1982	66.653	Colombia	Americas	27764644	4397.575659
1982	66.711	Mauritius	Africa	992040	3688.037739
1982	66.874	Paraguay	Americas	3366439	4258.503604
1982	66.983	Lebanon	Asia	3086876	7640.519521
1982	67.123	Korea, Rep.	Asia	39326000	5622.942464
1982	67.405	Mexico	Americas	71640904	9611.147541
1982	68	Malaysia	Asia	14441916	4920.355951
1982	68.557	Venezuela	Americas	15620766	11152.41011
1982	68.757	Sri Lanka	Asia	15410151	1648.079789
1982	68.832	Trinidad and Tobago	Americas	1116479	9119.528607
1982	69.052	Bahrain	Asia	377967	19211.14731
1982	69.1	Korea, Dem. Rep.	Asia	17647518	4106.525293
1982	69.39	Hungary	Europe	10705535	12545.99066
1982	69.66	Romania	Europe	22356726	9605.314053
1982	69.885	Reunion	Africa	517810	5267.219353
1982	69.942	Argentina	Americas	29341374	8997.897412
1982	70.162	Serbia	Europe	9032824	15181.0927
1982	70.42	Albania	Europe	2780097	3630.880722
1982	70.46	Croatia	Europe	4413368	13221.82184
1982	70.472	Panama	Americas	2036305	7009.601598
1982	70.565	Chile	Americas	11487112	5095.665738
1982	70.69	Bosnia and Herzegovina	Europe	4172693	4126.613157
1982	70.8	Slovak Republic	Europe	5048043	11348.54585
1982	70.805	Uruguay	Americas	2953997	6920.223051
1982	70.96	Czech Republic	Europe	10303704	15377.22855
1982	71.063	Slovenia	Europe	1861252	17866.72175
1982	71.08	Bulgaria	Europe	8892098	8224.191647
1982	71.21	Jamaica	Americas	2298309	6068.05135
1982	71.309	Kuwait	Asia	1497494	31354.03573
1982	71.32	Poland	Europe	36227381	8451.531004
1982	71.76	Singapore	Asia	2651869	15169.16112
1982	72.16	Taiwan	Asia	18501390	7426.354774
1982	72.77	Portugal	Europe	9859650	11753.84291
1982	73.1	Ireland	Europe	3480000	12618.32141
1982	73.18	Austria	Europe	7574613	21597.08362
1982	73.45	Costa Rica	Americas	2424367	5262.734751
1982	73.717	Cuba	Americas	9789224	7316.918107
1982	73.75	Puerto Rico	Americas	3279001	10330.98915
1982	73.8	Germany	Europe	78335266	22031.53274
1982	73.93	Belgium	Europe	9856303	20979.84589
1982	74.04	United Kingdom	Europe	56339704	18232.42452
1982	74.101	Montenegro	Europe	562548	11222.58762
1982	74.45	Israel	Asia	3858421	15367.0292
1982	74.55	Finland	Europe	4826933	18533.15761
1982	74.63	Denmark	Europe	5117810	21688.04048
1982	74.65	United States	Americas	232187835	25009.55914
1982	74.89	France	Europe	54433565	20293.89746
1982	74.98	Italy	Europe	56535636	16537.4835
1982	75.24	Greece	Europe	9786480	15268.42089
1982	75.45	Hong Kong, China	Asia	5264500	14560.53051
1982	75.76	Canada	Americas	25201900	22898.79214
1982	75.97	Norway	Europe	4114787	26298.63531
1982	76.05	Netherlands	Europe	14310401	21399.46046
1982	76.21	Switzerland	Europe	6468126	28397.71512
1982	76.3	Spain	Europe	37983310	13926.16997
1982	76.42	Sweden	Europe	8325260	20667.38125
1982	76.99	Iceland	Europe	233997	23269.6075
1982	77.11	Japan	Asia	118454974	19384.10571
1987	39.906	Angola	Africa	7874230	2430.208311
1987	40.006	Sierra Leone	Africa	3868905	1294.447788
1987	40.822	Afghanistan	Asia	13867957	852.3959448
1987	41.245	Guinea-Bissau	Africa	927524	736.4153921
1987	42.861	Mozambique	Africa	12891952	389.8761846
1987	44.02	Rwanda	Africa	6349365	847.991217
1987	44.501	Somalia	Africa	6921858	1093.244963
1987	44.555	Niger	Africa	7332638	668.3000228
1987	45.552	Guinea	Africa	5650262	805.5724718
1987	45.664	Equatorial Guinea	Africa	341244	966.8968149
1987	46.027	Liberia	Africa	2269414	506.1138573
1987	46.364	Mali	Africa	7634008	684.1715576
1987	46.453	Eritrea	Africa	2915959	521.1341333
1987	46.684	Ethiopia	Africa	42999530	573.7413142
1987	46.886	Nigeria	Africa	81551520	1385.029563
1987	47.412	Congo, Dem. Rep.	Africa	35481645	672.774812
1987	47.457	Malawi	Africa	7824747	635.5173634
1987	48.211	Burundi	Africa	5126023	621.8188189
1987	49.265	Gambia	Africa	848406	611.6588611
1987	49.35	Madagascar	Africa	10568642	1155.441948
1987	49.557	Burkina Faso	Africa	7586551	912.0631417
1987	50.04	Djibouti	Africa	311025	2880.102568
1987	50.485	Central African Republic	Africa	2840009	844.8763504
1987	50.821	Zambia	Africa	7272406	1213.315116
1987	51.051	Chad	Africa	5498955	952.386129
1987	51.509	Uganda	Africa	15283050	617.7244065
1987	51.535	Tanzania	Africa	23040630	831.8220794
1987	51.744	Sudan	Africa	24725960	1507.819159
1987	52.337	Benin	Africa	4243788	1225.85601
1987	52.537	Nepal	Asia	17917180	775.6324501
1987	52.819	Bangladesh	Asia	103764241	751.9794035
1987	52.922	Yemen, Rep.	Asia	11219340	1971.741538
1987	53.636	Haiti	Americas	5756203	1823.015995
1987	53.914	Cambodia	Asia	8371791	683.8955732
1987	54.655	Cote d'Ivoire	Africa	10761098	2156.956069
1987	54.926	Comoros	Africa	395114	1315.980812
1987	54.985	Cameroon	Africa	10780667	2602.664206
1987	55.729	Ghana	Africa	14168101	847.0061135
1987	55.769	Senegal	Africa	7171347	1441.72072
1987	56.145	Mauritania	Africa	1841240	1421.603576
1987	56.941	Togo	Africa	3154264	1202.201361
1987	57.18	Lesotho	Africa	1599200	773.9932141
1987	57.251	Bolivia	Americas	6156369	2753.69149
1987	57.47	Congo, Rep.	Africa	2064095	4201.194937
1987	57.678	Swaziland	Africa	779348	3984.839812
1987	58.245	Pakistan	Asia	105186881	1704.686583
1987	58.339	Myanmar	Asia	38028578	385
1987	58.553	India	Asia	788000000	976.5126756
1987	59.339	Kenya	Africa	21198082	1361.936856
1987	59.797	Egypt	Africa	52799062	3885.46071
1987	60.137	Indonesia	Asia	169276000	1748.356961
1987	60.19	Gabon	Africa	880397	11864.40844
1987	60.222	Mongolia	Asia	2015133	2338.008304
1987	60.782	Guatemala	Americas	7326406	4246.485974
1987	60.834	South Africa	Africa	35933379	7825.823398
1987	60.835	Namibia	Africa	1278184	3693.731337
1987	61.728	Sao Tome and Principe	Africa	110812	1516.525457
1987	62.008	Nicaragua	Americas	3344353	2955.984375
1987	62.351	Zimbabwe	Africa	9216418	706.1573059
1987	62.677	Morocco	Africa	22987397	2755.046991
1987	62.82	Vietnam	Asia	62826491	820.7994449
1987	63.04	Iran	Asia	51889696	6642.881371
1987	63.108	Turkey	Europe	52881328	5089.043686
1987	63.154	El Salvador	Americas	4842194	4140.442097
1987	63.622	Botswana	Africa	1151184	6205.88385
1987	64.134	Peru	Americas	20195924	6360.943444
1987	64.151	Philippines	Asia	60017788	2189.634995
1987	64.492	Honduras	Americas	4372203	3023.096699
1987	65.044	Iraq	Asia	16543189	11643.57268
1987	65.205	Brazil	Americas	142938076	7807.095818
1987	65.799	Algeria	Africa	23254956	5681.358539
1987	65.869	Jordan	Asia	2820042	4448.679912
1987	66.046	Dominican Republic	Americas	6655297	2899.842175
1987	66.084	Thailand	Asia	52910342	2982.653773
1987	66.234	Libya	Africa	3799845	11770.5898
1987	66.295	Saudi Arabia	Asia	14619745	21198.26136
1987	66.894	Tunisia	Africa	7724976	3810.419296
1987	66.974	Syria	Asia	11242847	3116.774285
1987	67.046	West Bank and Gaza	Asia	1691210	5107.197384
1987	67.231	Ecuador	Americas	9545158	6481.776993
1987	67.274	China	Asia	1084035000	1378.904018
1987	67.378	Paraguay	Americas	3886512	3998.875695
1987	67.734	Oman	Asia	1593882	18115.22313
1987	67.768	Colombia	Americas	30964245	4903.2191
1987	67.926	Lebanon	Asia	3089353	5377.091329
1987	68.74	Mauritius	Africa	1042663	4783.586903
1987	69.011	Sri Lanka	Asia	16495304	1876.766827
1987	69.498	Mexico	Americas	80122492	8688.156003
1987	69.5	Malaysia	Asia	16331785	5249.802653
1987	69.53	Romania	Europe	22686371	9696.273295
1987	69.58	Hungary	Europe	10612740	12986.47998
1987	69.582	Trinidad and Tobago	Americas	1191336	7388.597823
1987	69.81	Korea, Rep.	Asia	41622000	8533.088805
1987	70.19	Venezuela	Americas	17910182	9883.584648
1987	70.647	Korea, Dem. Rep.	Asia	19067554	4106.492315
1987	70.75	Bahrain	Asia	454612	18524.02406
1987	70.774	Argentina	Americas	31620918	9139.671389
1987	70.98	Poland	Europe	37740710	9082.351172
1987	71.08	Slovak Republic	Europe	5199318	12037.26758
1987	71.14	Bosnia and Herzegovina	Europe	4338977	4314.114757
1987	71.218	Serbia	Europe	9230783	15870.87851
1987	71.34	Bulgaria	Europe	8971958	8239.854824
1987	71.52	Croatia	Europe	4484310	13822.58394
1987	71.523	Panama	Americas	2253639	7034.779161
1987	71.58	Czech Republic	Europe	10311597	16310.4434
1987	71.77	Jamaica	Americas	2326606	6351.237495
1987	71.913	Reunion	Africa	562035	5303.377488
1987	71.918	Uruguay	Americas	3045153	7452.398969
1987	72	Albania	Europe	3075321	3738.932735
1987	72.25	Slovenia	Europe	1945870	18678.53492
1987	72.492	Chile	Americas	12463354	5547.063754
1987	73.4	Taiwan	Asia	19757799	11054.56175
1987	73.56	Singapore	Asia	2794552	18861.53081
1987	74.06	Portugal	Europe	9915289	13039.30876
1987	74.174	Cuba	Americas	10239839	7532.924763
1987	74.174	Kuwait	Asia	1891487	28118.42998
1987	74.36	Ireland	Europe	3539900	13872.86652
1987	74.63	Puerto Rico	Americas	3444468	12281.34191
1987	74.752	Costa Rica	Americas	2799811	5629.915318
1987	74.8	Denmark	Europe	5127024	25116.17581
1987	74.83	Finland	Europe	4931729	21141.01223
1987	74.847	Germany	Europe	77718298	24639.18566
1987	74.865	Montenegro	Europe	569473	11732.51017
1987	74.94	Austria	Europe	7578903	23687.82607
1987	75.007	United Kingdom	Europe	56981620	21664.78767
1987	75.02	United States	Americas	242803533	29884.35041
1987	75.35	Belgium	Europe	9870200	22525.56308
1987	75.6	Israel	Asia	4203148	17122.47986
1987	75.89	Norway	Europe	4186147	31540.9748
1987	76.2	Hong Kong, China	Asia	5584510	20038.47269
1987	76.34	France	Europe	55630100	22066.44214
1987	76.42	Italy	Europe	56729703	19207.23482
1987	76.67	Greece	Europe	9974490	16120.52839
1987	76.83	Netherlands	Europe	14665278	23651.32361
1987	76.86	Canada	Americas	26549700	26626.51503
1987	76.9	Spain	Europe	38880702	15764.98313
1987	77.19	Sweden	Europe	8421403	23586.92927
1987	77.23	Iceland	Europe	244676	26923.20628
1987	77.41	Switzerland	Europe	6649942	30281.70459
1987	78.67	Japan	Asia	122091325	22375.94189
1992	23.599	Rwanda	Africa	7290203	737.0685949
1992	38.333	Sierra Leone	Africa	4260884	1068.696278
1992	39.658	Somalia	Africa	6099799	926.9602964
1992	40.647	Angola	Africa	8735988	2627.845685
1992	40.802	Liberia	Africa	1912974	636.6229191
1992	41.674	Afghanistan	Asia	16317921	649.3413952
1992	43.266	Guinea-Bissau	Africa	1050938	745.5398706
1992	44.284	Mozambique	Africa	13160731	410.8968239
1992	44.736	Burundi	Africa	5809236	631.6998778
1992	45.548	Congo, Dem. Rep.	Africa	41672143	457.7191807
1992	46.1	Zambia	Africa	8381163	1210.884633
1992	47.391	Niger	Africa	8392818	581.182725
1992	47.472	Nigeria	Africa	93364244	1619.848217
1992	47.545	Equatorial Guinea	Africa	387838	1132.055034
1992	48.091	Ethiopia	Africa	52088559	421.3534653
1992	48.388	Mali	Africa	8416215	739.014375
1992	48.576	Guinea	Africa	6990574	794.3484384
1992	48.825	Uganda	Africa	18252190	644.1707969
1992	49.396	Central African Republic	Africa	3265124	747.9055252
1992	49.42	Malawi	Africa	10014249	563.2000145
1992	49.991	Eritrea	Africa	3668440	582.8585102
1992	50.26	Burkina Faso	Africa	8878303	931.7527731
1992	50.44	Tanzania	Africa	26605473	825.682454
1992	51.604	Djibouti	Africa	384156	2377.156192
1992	51.724	Chad	Africa	6429417	1058.0643
1992	52.044	Cote d'Ivoire	Africa	12772596	1648.073791
1992	52.214	Madagascar	Africa	12210395	1040.67619
1992	52.644	Gambia	Africa	1025384	665.6244126
1992	53.556	Sudan	Africa	28227588	1492.197043
1992	53.919	Benin	Africa	4981671	1191.207681
1992	54.314	Cameroon	Africa	12467171	1793.163278
1992	55.089	Haiti	Americas	6326682	1456.309517
1992	55.599	Yemen, Rep.	Asia	13367997	1879.496673
1992	55.727	Nepal	Asia	20326209	897.7403604
1992	55.803	Cambodia	Asia	10150094	682.3031755
1992	56.018	Bangladesh	Asia	113704579	837.8101643
1992	56.433	Congo, Rep.	Africa	2409073	4016.239529
1992	57.501	Ghana	Africa	16278738	925.060154
1992	57.939	Comoros	Africa	454429	1246.90737
1992	58.061	Togo	Africa	3747553	1034.298904
1992	58.196	Senegal	Africa	8307920	1367.899369
1992	58.333	Mauritania	Africa	2119465	1361.369784
1992	58.474	Swaziland	Africa	962344	3553.0224
1992	59.285	Kenya	Africa	25020539	1341.921721
1992	59.32	Myanmar	Asia	40546538	347
1992	59.461	Iraq	Asia	17861905	3745.640687
1992	59.685	Lesotho	Africa	1803195	977.4862725
1992	59.957	Bolivia	Americas	6893451	2961.699694
1992	60.223	India	Asia	872000000	1164.406809
1992	60.377	Zimbabwe	Africa	10704340	693.4207856
1992	60.838	Pakistan	Asia	120065004	1971.829464
1992	61.271	Mongolia	Asia	2312802	1785.402016
1992	61.366	Gabon	Africa	985739	13522.15752
1992	61.888	South Africa	Africa	39964159	7225.069258
1992	61.999	Namibia	Africa	1554253	3804.537999
1992	62.681	Indonesia	Asia	184816000	2383.140898
1992	62.742	Sao Tome and Principe	Africa	125911	1428.777814
1992	62.745	Botswana	Africa	1342614	7954.111645
1992	63.373	Guatemala	Americas	8486949	4439.45084
1992	63.674	Egypt	Africa	59402198	3794.755195
1992	65.393	Morocco	Africa	25798239	2948.047252
1992	65.742	Iran	Asia	60397973	7235.653188
1992	65.843	Nicaragua	Americas	4017939	2170.151724
1992	66.146	Turkey	Europe	58179144	5678.348271
1992	66.399	Honduras	Americas	5077347	3081.694603
1992	66.458	Peru	Americas	22430449	4446.380924
1992	66.458	Philippines	Asia	67185766	2279.324017
1992	66.798	El Salvador	Americas	5274649	4444.2317
1992	67.057	Brazil	Americas	155975974	6950.283021
1992	67.298	Thailand	Asia	56667095	4616.896545
1992	67.662	Vietnam	Asia	69940728	989.0231487
1992	67.744	Algeria	Africa	26298373	5023.216647
1992	68.015	Jordan	Asia	3867409	3431.593647
1992	68.225	Paraguay	Americas	4483945	4196.411078
1992	68.421	Colombia	Americas	34202721	5444.648617
1992	68.457	Dominican Republic	Americas	7351181	3044.214214
1992	68.69	China	Asia	1164970000	1655.784158
1992	68.755	Libya	Africa	4364501	9640.138501
1992	68.768	Saudi Arabia	Asia	16945857	24841.61777
1992	69.17	Hungary	Europe	10348684	10535.62855
1992	69.249	Syria	Asia	13219062	3340.542768
1992	69.292	Lebanon	Asia	3219994	6890.806854
1992	69.36	Romania	Europe	22797027	6598.409903
1992	69.613	Ecuador	Americas	10748394	7103.702595
1992	69.718	West Bank and Gaza	Asia	2104779	6017.654756
1992	69.745	Mauritius	Africa	1096202	6058.253846
1992	69.862	Trinidad and Tobago	Americas	1183669	7370.990932
1992	69.978	Korea, Dem. Rep.	Asia	20711375	3726.063507
1992	70.001	Tunisia	Africa	8523077	4332.720164
1992	70.379	Sri Lanka	Asia	17587060	2153.739222
1992	70.693	Malaysia	Asia	18319502	7277.912802
1992	70.99	Poland	Europe	38370697	7738.881247
1992	71.15	Venezuela	Americas	20265563	10733.92631
1992	71.19	Bulgaria	Europe	8658506	6302.623438
1992	71.197	Oman	Asia	1915208	18616.70691
1992	71.38	Slovak Republic	Europe	5302888	9498.467723
1992	71.455	Mexico	Americas	88111030	9472.384295
1992	71.581	Albania	Europe	3326498	2497.437901
1992	71.659	Serbia	Europe	9826397	9325.068238
1992	71.766	Jamaica	Americas	2378618	7404.923685
1992	71.868	Argentina	Americas	33958947	9308.41871
1992	72.178	Bosnia and Herzegovina	Europe	4256013	2546.781445
1992	72.244	Korea, Rep.	Asia	43805450	12104.27872
1992	72.4	Czech Republic	Europe	10315702	14297.02122
1992	72.462	Panama	Americas	2484997	6618.74305
1992	72.527	Croatia	Europe	4494013	8447.794873
1992	72.601	Bahrain	Asia	529491	19035.57917
1992	72.752	Uruguay	Americas	3149262	8137.004775
1992	73.615	Reunion	Africa	622191	6101.255823
1992	73.64	Slovenia	Europe	1999210	14214.71681
1992	73.911	Puerto Rico	Americas	3585176	14641.58711
1992	74.126	Chile	Americas	13572994	7596.125964
1992	74.26	Taiwan	Asia	20686918	15215.6579
1992	74.414	Cuba	Americas	10723260	5592.843963
1992	74.86	Portugal	Europe	9927680	16207.26663
1992	75.19	Kuwait	Asia	1418095	34932.91959
1992	75.33	Denmark	Europe	5171393	26406.73985
1992	75.435	Montenegro	Europe	621621	7003.339037
1992	75.467	Ireland	Europe	3557761	17558.81555
1992	75.7	Finland	Europe	5041039	20647.16499
1992	75.713	Costa Rica	Americas	3173216	6160.416317
1992	75.788	Singapore	Asia	3235865	24769.8912
1992	76.04	Austria	Europe	7914969	27042.01868
1992	76.07	Germany	Europe	80597764	26505.30317
1992	76.09	United States	Americas	256894189	32003.93224
1992	76.42	United Kingdom	Europe	57866349	22705.09254
1992	76.46	Belgium	Europe	10045622	25575.57069
1992	76.93	Israel	Asia	4936550	18051.52254
1992	77.03	Greece	Europe	10325429	17541.49634
1992	77.32	Norway	Europe	4286357	33965.66115
1992	77.42	Netherlands	Europe	15174244	26790.94961
1992	77.44	Italy	Europe	56840847	22013.64486
1992	77.46	France	Europe	57374179	24703.79615
1992	77.57	Spain	Europe	39549438	18603.06452
1992	77.601	Hong Kong, China	Asia	5829696	24757.60301
1992	77.95	Canada	Americas	28523502	26342.88426
1992	78.03	Switzerland	Europe	6995447	31871.5303
1992	78.16	Sweden	Europe	8718867	23880.01683
1992	78.77	Iceland	Europe	259012	25144.39201
1992	79.36	Japan	Asia	124329269	26824.89511
1997	36.087	Rwanda	Africa	7212583	589.9445051
1997	39.897	Sierra Leone	Africa	4578212	574.6481576
1997	40.238	Zambia	Africa	9417789	1071.353818
1997	40.963	Angola	Africa	9875024	2277.140884
1997	41.763	Afghanistan	Asia	22227415	635.341351
1997	42.221	Liberia	Africa	2200725	609.1739508
1997	42.587	Congo, Dem. Rep.	Africa	47798986	312.188423
1997	43.795	Somalia	Africa	6633514	930.5964284
1997	44.578	Uganda	Africa	21210254	816.559081
1997	44.873	Guinea-Bissau	Africa	1193708	796.6644681
1997	45.326	Burundi	Africa	6121610	463.1151478
1997	46.066	Central African Republic	Africa	3696513	740.5063317
1997	46.344	Mozambique	Africa	16603334	472.3460771
1997	46.809	Zimbabwe	Africa	11404948	792.4499603
1997	47.464	Nigeria	Africa	106207839	1624.941275
1997	47.495	Malawi	Africa	10419991	692.2758103
1997	47.991	Cote d'Ivoire	Africa	14625967	1786.265407
1997	48.245	Equatorial Guinea	Africa	439971	2814.480755
1997	48.466	Tanzania	Africa	30686889	789.1862231
1997	49.402	Ethiopia	Africa	59861301	515.8894013
1997	49.903	Mali	Africa	9384984	790.2579846
1997	50.324	Burkina Faso	Africa	10352843	946.2949618
1997	51.313	Niger	Africa	9666252	580.3052092
1997	51.455	Guinea	Africa	8048834	869.4497668
1997	51.573	Chad	Africa	7562011	1004.961353
1997	52.199	Cameroon	Africa	14195809	1694.337469
1997	52.556	Botswana	Africa	1536536	8647.142313
1997	52.962	Congo, Rep.	Africa	2800947	3484.164376
1997	53.157	Djibouti	Africa	417908	1895.016984
1997	53.378	Eritrea	Africa	4058319	913.47079
1997	54.289	Swaziland	Africa	1054486	3876.76846
1997	54.407	Kenya	Africa	28263827	1360.485021
1997	54.777	Benin	Africa	6066080	1232.975292
1997	54.978	Madagascar	Africa	14165114	986.2958956
1997	55.373	Sudan	Africa	32160729	1632.210764
1997	55.558	Lesotho	Africa	1982823	1186.147994
1997	55.861	Gambia	Africa	1235767	653.7301704
1997	56.534	Cambodia	Asia	11782962	734.28517
1997	56.671	Haiti	Americas	6913545	1341.726931
1997	58.02	Yemen, Rep.	Asia	15826497	2117.484526
1997	58.39	Togo	Africa	4320890	982.2869243
1997	58.556	Ghana	Africa	18418288	1005.245812
1997	58.811	Iraq	Asia	20775703	3076.239795
1997	58.909	Namibia	Africa	1774766	3899.52426
1997	59.412	Bangladesh	Asia	123315288	972.7700352
1997	59.426	Nepal	Asia	23001113	1010.892138
1997	60.187	Senegal	Africa	9535314	1392.368347
1997	60.236	South Africa	Africa	42835005	7479.188244
1997	60.328	Myanmar	Asia	43247867	415
1997	60.43	Mauritania	Africa	2444741	1483.136136
1997	60.461	Gabon	Africa	1126189	14722.84188
1997	60.66	Comoros	Africa	527982	1173.618235
1997	61.765	India	Asia	959000000	1458.817442
1997	61.818	Pakistan	Asia	135564834	2049.350521
1997	62.05	Bolivia	Americas	7693188	3326.143191
1997	63.306	Sao Tome and Principe	Africa	145608	1339.076036
1997	63.625	Mongolia	Asia	2494803	1902.2521
1997	66.041	Indonesia	Asia	199278000	3119.335603
1997	66.322	Guatemala	Americas	9803875	4684.313807
1997	67.217	Egypt	Africa	66134291	4173.181797
1997	67.521	Thailand	Asia	60216677	5852.625497
1997	67.659	Honduras	Americas	5867957	3160.454906
1997	67.66	Morocco	Africa	28529501	2982.101858
1997	67.727	Korea, Dem. Rep.	Asia	21585105	1690.756814
1997	68.042	Iran	Asia	63327987	8263.590301
1997	68.386	Peru	Americas	24748122	5838.347657
1997	68.426	Nicaragua	Americas	4609572	2253.023004
1997	68.564	Philippines	Asia	75012988	2536.534925
1997	68.835	Turkey	Europe	63047647	6601.429915
1997	69.152	Algeria	Africa	29072015	4797.295051
1997	69.388	Brazil	Americas	168546719	7957.980824
1997	69.4	Paraguay	Americas	5154123	4247.400261
1997	69.465	Trinidad and Tobago	Americas	1138101	8792.573126
1997	69.535	El Salvador	Americas	5783439	5154.825496
1997	69.72	Romania	Europe	22562458	7346.547557
1997	69.772	Jordan	Asia	4526235	3645.379572
1997	69.957	Dominican Republic	Americas	7992357	3614.101285
1997	70.265	Lebanon	Asia	3430388	8754.96385
1997	70.313	Colombia	Americas	37657830	6117.361746
1997	70.32	Bulgaria	Europe	8066057	5970.38876
1997	70.426	China	Asia	1230075000	2289.234136
1997	70.457	Sri Lanka	Asia	18698655	2664.477257
1997	70.533	Saudi Arabia	Asia	21229759	20586.69019
1997	70.672	Vietnam	Asia	76048996	1385.896769
1997	70.736	Mauritius	Africa	1149818	7425.705295
1997	71.04	Hungary	Europe	10244684	11712.7768
1997	71.096	West Bank and Gaza	Asia	2826046	7110.667619
1997	71.527	Syria	Asia	15081016	4014.238972
1997	71.555	Libya	Africa	4759670	9467.446056
1997	71.938	Malaysia	Asia	20476091	10132.90964
1997	71.973	Tunisia	Africa	9231669	4876.798614
1997	72.146	Venezuela	Americas	22374398	10165.49518
1997	72.232	Serbia	Europe	10336594	7914.320304
1997	72.262	Jamaica	Americas	2531311	7121.924704
1997	72.312	Ecuador	Americas	11911819	7429.455877
1997	72.499	Oman	Asia	2283635	19702.05581
1997	72.71	Slovak Republic	Europe	5383010	12126.23065
1997	72.75	Poland	Europe	38654957	10159.58368
1997	72.95	Albania	Europe	3428038	3193.054604
1997	73.244	Bosnia and Herzegovina	Europe	3607000	4766.355904
1997	73.275	Argentina	Americas	36203463	10967.28195
1997	73.67	Mexico	Americas	95895146	9767.29753
1997	73.68	Croatia	Europe	4444595	9875.604515
1997	73.738	Panama	Americas	2734531	7113.692252
1997	73.925	Bahrain	Asia	598561	20292.01679
1997	74.01	Czech Republic	Europe	10300707	16048.51424
1997	74.223	Uruguay	Americas	3262838	9230.240708
1997	74.647	Korea, Rep.	Asia	46173816	15993.52796
1997	74.772	Reunion	Africa	684810	6071.941411
1997	74.917	Puerto Rico	Americas	3759430	16999.4333
1997	75.13	Slovenia	Europe	2011612	17161.10735
1997	75.25	Taiwan	Asia	21628605	20206.82098
1997	75.445	Montenegro	Europe	692651	6465.613349
1997	75.816	Chile	Americas	14599929	10118.05318
1997	75.97	Portugal	Europe	10156415	17641.03156
1997	76.11	Denmark	Europe	5283663	29804.34567
1997	76.122	Ireland	Europe	3667233	24521.94713
1997	76.151	Cuba	Americas	10983007	5431.990415
1997	76.156	Kuwait	Asia	1765345	40300.61996
1997	76.81	United States	Americas	272911760	35767.43303
1997	77.13	Finland	Europe	5134406	23723.9502
1997	77.158	Singapore	Asia	3802309	33519.4766
1997	77.218	United Kingdom	Europe	58808266	26074.53136
1997	77.26	Costa Rica	Americas	3518107	6677.045314
1997	77.34	Germany	Europe	82011073	27788.88416
1997	77.51	Austria	Europe	8069876	29095.92066
1997	77.53	Belgium	Europe	10199787	27561.19663
1997	77.869	Greece	Europe	10502372	18747.69814
1997	78.03	Netherlands	Europe	15604464	30246.13063
1997	78.269	Israel	Asia	5531387	20896.60924
1997	78.32	Norway	Europe	4405672	41283.16433
1997	78.61	Canada	Americas	30305843	28954.92589
1997	78.64	France	Europe	58623428	25889.78487
1997	78.77	Spain	Europe	39855442	20445.29896
1997	78.82	Italy	Europe	57479469	24675.02446
1997	78.95	Iceland	Europe	271192	28061.09966
1997	79.37	Switzerland	Europe	7193761	32135.32301
1997	79.39	Sweden	Europe	8897619	25266.59499
1997	80	Hong Kong, China	Asia	6495918	28377.63219
1997	80.69	Japan	Asia	125956499	28816.58499
2002	39.193	Zambia	Africa	10595811	1071.613938
2002	39.989	Zimbabwe	Africa	11926563	672.0386227
2002	41.003	Angola	Africa	10866106	2773.287312
2002	41.012	Sierra Leone	Africa	5359092	699.489713
2002	42.129	Afghanistan	Asia	25268405	726.7340548
2002	43.308	Central African Republic	Africa	4048013	738.6906068
2002	43.413	Rwanda	Africa	7852401	785.6537648
2002	43.753	Liberia	Africa	2814651	531.4823679
2002	43.869	Swaziland	Africa	1130269	4128.116943
2002	44.026	Mozambique	Africa	18473780	633.6179466
2002	44.593	Lesotho	Africa	2046772	1275.184575
2002	44.966	Congo, Dem. Rep.	Africa	55379852	241.1658765
2002	45.009	Malawi	Africa	11824495	665.4231186
2002	45.504	Guinea-Bissau	Africa	1332459	575.7047176
2002	45.936	Somalia	Africa	7753310	882.0818218
2002	46.608	Nigeria	Africa	119901274	1615.286395
2002	46.634	Botswana	Africa	1630347	11003.60508
2002	46.832	Cote d'Ivoire	Africa	16252726	1648.800823
2002	47.36	Burundi	Africa	7021078	446.4035126
2002	47.813	Uganda	Africa	24739869	927.7210018
2002	49.348	Equatorial Guinea	Africa	495627	7703.4959
2002	49.651	Tanzania	Africa	34593779	899.0742111
2002	49.856	Cameroon	Africa	15929988	1934.011449
2002	50.525	Chad	Africa	8835739	1156.18186
2002	50.65	Burkina Faso	Africa	12251209	1037.645221
2002	50.725	Ethiopia	Africa	67946797	530.0535319
2002	50.992	Kenya	Africa	31386842	1287.514732
2002	51.479	Namibia	Africa	1972153	4072.324751
2002	51.818	Mali	Africa	10580176	951.4097518
2002	52.97	Congo, Rep.	Africa	3328795	3484.06197
2002	53.365	South Africa	Africa	44433622	7710.946444
2002	53.373	Djibouti	Africa	447416	1908.260867
2002	53.676	Guinea	Africa	8807818	945.5835837
2002	54.406	Benin	Africa	7026113	1372.877931
2002	54.496	Niger	Africa	11140655	601.0745012
2002	55.24	Eritrea	Africa	4414865	765.3500015
2002	56.369	Sudan	Africa	37090298	1993.398314
2002	56.752	Cambodia	Asia	12926707	896.2260153
2002	56.761	Gabon	Africa	1299304	12521.71392
2002	57.046	Iraq	Asia	24001816	4390.717312
2002	57.286	Madagascar	Africa	16473477	894.6370822
2002	57.561	Togo	Africa	4977378	886.2205765
2002	58.041	Gambia	Africa	1457766	660.5855997
2002	58.137	Haiti	Americas	7607651	1270.364932
2002	58.453	Ghana	Africa	20550751	1111.984578
2002	59.908	Myanmar	Asia	45598081	611
2002	60.308	Yemen, Rep.	Asia	18701257	2234.820827
2002	61.34	Nepal	Asia	25873917	1057.206311
2002	61.6	Senegal	Africa	10870037	1519.635262
2002	62.013	Bangladesh	Asia	135656790	1136.39043
2002	62.247	Mauritania	Africa	2828858	1579.019543
2002	62.879	India	Asia	1034172547	1746.769454
2002	62.974	Comoros	Africa	614382	1075.811558
2002	63.61	Pakistan	Asia	153403524	2092.712441
2002	63.883	Bolivia	Americas	8445134	3413.26269
2002	64.337	Sao Tome and Principe	Africa	170372	1353.09239
2002	65.033	Mongolia	Asia	2674234	2140.739323
2002	66.662	Korea, Dem. Rep.	Asia	22215365	1646.758151
2002	68.564	Thailand	Asia	62806748	5913.187529
2002	68.565	Honduras	Americas	6677328	3099.72866
2002	68.588	Indonesia	Asia	211060000	2873.91287
2002	68.976	Trinidad and Tobago	Americas	1101832	11460.60023
2002	68.978	Guatemala	Americas	11178650	4858.347495
2002	69.451	Iran	Asia	66907826	9240.761975
2002	69.615	Morocco	Africa	31167783	3258.495584
2002	69.806	Egypt	Africa	73312559	4754.604414
2002	69.906	Peru	Americas	26769436	5909.020073
2002	70.303	Philippines	Asia	82995088	2650.921068
2002	70.734	El Salvador	Americas	6353681	5351.568666
2002	70.755	Paraguay	Americas	5884491	3783.674243
2002	70.815	Sri Lanka	Asia	19576783	3015.378833
2002	70.836	Nicaragua	Americas	5146848	2474.548819
2002	70.845	Turkey	Europe	67308928	6508.085718
2002	70.847	Dominican Republic	Americas	8650322	4563.808154
2002	70.994	Algeria	Africa	31287142	5288.040382
2002	71.006	Brazil	Americas	179914212	8131.212843
2002	71.028	Lebanon	Asia	3677780	9313.93883
2002	71.263	Jordan	Asia	5307470	3844.917194
2002	71.322	Romania	Europe	22404337	7885.360081
2002	71.626	Saudi Arabia	Asia	24501530	19014.54118
2002	71.682	Colombia	Americas	41008227	5755.259962
2002	71.954	Mauritius	Africa	1200206	9021.815894
2002	72.028	China	Asia	1280400000	3119.280896
2002	72.047	Jamaica	Americas	2664659	6994.774861
2002	72.14	Bulgaria	Europe	7661799	7696.777725
2002	72.37	West Bank and Gaza	Asia	3389578	4515.487575
2002	72.59	Hungary	Europe	10083313	14843.93556
2002	72.737	Libya	Africa	5368585	9534.677467
2002	72.766	Venezuela	Americas	24287670	8605.047831
2002	73.017	Vietnam	Asia	80908147	1764.456677
2002	73.042	Tunisia	Africa	9770575	5722.895655
2002	73.044	Malaysia	Asia	22662365	10206.97794
2002	73.053	Syria	Asia	17155814	4090.925331
2002	73.213	Serbia	Europe	10111559	7236.075251
2002	73.8	Slovak Republic	Europe	5410052	13638.77837
2002	73.981	Montenegro	Europe	720230	6557.194282
2002	74.09	Bosnia and Herzegovina	Europe	4165416	6018.975239
2002	74.173	Ecuador	Americas	12921234	5773.044512
2002	74.193	Oman	Asia	2713462	19774.83687
2002	74.34	Argentina	Americas	38331121	8797.640716
2002	74.67	Poland	Europe	38625976	12002.23908
2002	74.712	Panama	Americas	2990875	7356.031934
2002	74.795	Bahrain	Asia	656397	23403.55927
2002	74.876	Croatia	Europe	4481020	11628.38895
2002	74.902	Mexico	Americas	102479927	10742.44053
2002	75.307	Uruguay	Americas	3363085	7727.002004
2002	75.51	Czech Republic	Europe	10256295	17596.21022
2002	75.651	Albania	Europe	3508512	4604.211737
2002	75.744	Reunion	Africa	743981	6316.1652
2002	76.66	Slovenia	Europe	2011497	20660.01936
2002	76.904	Kuwait	Asia	2111561	35110.10566
2002	76.99	Taiwan	Asia	22454239	23235.42329
2002	77.045	Korea, Rep.	Asia	47969150	19233.98818
2002	77.158	Cuba	Americas	11226999	6340.646683
2002	77.18	Denmark	Europe	5374693	32166.50006
2002	77.29	Portugal	Europe	10433867	19970.90787
2002	77.31	United States	Americas	287675526	39097.09955
2002	77.778	Puerto Rico	Americas	3859606	18855.60618
2002	77.783	Ireland	Europe	3879155	34077.04939
2002	77.86	Chile	Americas	15497046	10778.78385
2002	78.123	Costa Rica	Americas	3834934	7723.447195
2002	78.256	Greece	Europe	10603863	22514.2548
2002	78.32	Belgium	Europe	10311970	30485.88375
2002	78.37	Finland	Europe	5193039	28204.59057
2002	78.471	United Kingdom	Europe	59912431	29478.99919
2002	78.53	Netherlands	Europe	16122830	33724.75778
2002	78.67	Germany	Europe	82350671	30035.80198
2002	78.77	Singapore	Asia	4197776	36023.1054
2002	78.98	Austria	Europe	8148312	32417.60769
2002	79.05	Norway	Europe	4535591	44683.97525
2002	79.59	France	Europe	59925035	28926.03234
2002	79.696	Israel	Asia	6029529	21905.59514
2002	79.77	Canada	Americas	31902268	33328.96507
2002	79.78	Spain	Europe	40152517	24835.47166
2002	80.04	Sweden	Europe	8954175	29341.63093
2002	80.24	Italy	Europe	57926999	27968.09817
2002	80.5	Iceland	Europe	288030	31163.20196
2002	80.62	Switzerland	Europe	7361757	34480.95771
2002	81.495	Hong Kong, China	Asia	6762476	30209.01516
2002	82	Japan	Asia	127065841	28604.5919
2007	39.613	Swaziland	Africa	1133066	4513.480643
2007	42.082	Mozambique	Africa	19951656	823.6856205
2007	42.384	Zambia	Africa	11746035	1271.211593
2007	42.568	Sierra Leone	Africa	6144562	862.5407561
2007	42.592	Lesotho	Africa	2012649	1569.331442
2007	42.731	Angola	Africa	12420476	4797.231267
2007	43.487	Zimbabwe	Africa	12311143	469.7092981
2007	43.828	Afghanistan	Asia	31889923	974.5803384
2007	44.741	Central African Republic	Africa	4369038	706.016537
2007	45.678	Liberia	Africa	3193942	414.5073415
2007	46.242	Rwanda	Africa	8860588	863.0884639
2007	46.388	Guinea-Bissau	Africa	1472041	579.231743
2007	46.462	Congo, Dem. Rep.	Africa	64606759	277.5518587
2007	46.859	Nigeria	Africa	135031164	2013.977305
2007	48.159	Somalia	Africa	9118773	926.1410683
2007	48.303	Malawi	Africa	13327079	759.3499101
2007	48.328	Cote d'Ivoire	Africa	18013409	1544.750112
2007	49.339	South Africa	Africa	43997828	9269.657808
2007	49.58	Burundi	Africa	8390505	430.0706916
2007	50.43	Cameroon	Africa	17696293	2042.09524
2007	50.651	Chad	Africa	10238807	1704.063724
2007	50.728	Botswana	Africa	1639131	12569.85177
2007	51.542	Uganda	Africa	29170398	1056.380121
2007	51.579	Equatorial Guinea	Africa	551201	12154.08975
2007	52.295	Burkina Faso	Africa	14326203	1217.032994
2007	52.517	Tanzania	Africa	38139640	1107.482182
2007	52.906	Namibia	Africa	2055080	4811.060429
2007	52.947	Ethiopia	Africa	76511887	690.8055759
2007	54.11	Kenya	Africa	35610177	1463.249282
2007	54.467	Mali	Africa	12031795	1042.581557
2007	54.791	Djibouti	Africa	496374	2082.481567
2007	55.322	Congo, Rep.	Africa	3800610	3632.557798
2007	56.007	Guinea	Africa	9947814	942.6542111
2007	56.728	Benin	Africa	8078314	1441.284873
2007	56.735	Gabon	Africa	1454867	13206.48452
2007	56.867	Niger	Africa	12894865	619.6768924
2007	58.04	Eritrea	Africa	4906585	641.3695236
2007	58.42	Togo	Africa	5701579	882.9699438
2007	58.556	Sudan	Africa	42292929	2602.394995
2007	59.443	Madagascar	Africa	19167654	1044.770126
2007	59.448	Gambia	Africa	1688359	752.7497265
2007	59.545	Iraq	Asia	27499638	4471.061906
2007	59.723	Cambodia	Asia	14131858	1713.778686
2007	60.022	Ghana	Africa	22873338	1327.60891
2007	60.916	Haiti	Americas	8502814	1201.637154
2007	62.069	Myanmar	Asia	47761980	944
2007	62.698	Yemen, Rep.	Asia	22211743	2280.769906
2007	63.062	Senegal	Africa	12267493	1712.472136
2007	63.785	Nepal	Asia	28901790	1091.359778
2007	64.062	Bangladesh	Asia	150448339	1391.253792
2007	64.164	Mauritania	Africa	3270065	1803.151496
2007	64.698	India	Asia	1110396331	2452.210407
2007	65.152	Comoros	Africa	710960	986.1478792
2007	65.483	Pakistan	Asia	169270617	2605.94758
2007	65.528	Sao Tome and Principe	Africa	199579	1598.435089
2007	65.554	Bolivia	Americas	9119152	3822.137084
2007	66.803	Mongolia	Asia	2874127	3095.772271
2007	67.297	Korea, Dem. Rep.	Asia	23301725	1593.06548
2007	69.819	Trinidad and Tobago	Americas	1056608	18008.50924
2007	70.198	Honduras	Americas	7483763	3548.330846
2007	70.259	Guatemala	Americas	12572928	5186.050003
2007	70.616	Thailand	Asia	65068149	7458.396327
2007	70.65	Indonesia	Asia	223547000	3540.651564
2007	70.964	Iran	Asia	69453570	11605.71449
2007	71.164	Morocco	Africa	33757175	3820.17523
2007	71.338	Egypt	Africa	80264543	5581.180998
2007	71.421	Peru	Americas	28674757	7408.905561
2007	71.688	Philippines	Asia	91077287	3190.481016
2007	71.752	Paraguay	Americas	6667147	4172.838464
2007	71.777	Turkey	Europe	71158647	8458.276384
2007	71.878	El Salvador	Americas	6939688	5728.353514
2007	71.993	Lebanon	Asia	3921278	10461.05868
2007	72.235	Dominican Republic	Americas	9319622	6025.374752
2007	72.301	Algeria	Africa	33333216	6223.367465
2007	72.39	Brazil	Americas	190010647	9065.800825
2007	72.396	Sri Lanka	Asia	20378239	3970.095407
2007	72.476	Romania	Europe	22276056	10808.47561
2007	72.535	Jordan	Asia	6053193	4519.461171
2007	72.567	Jamaica	Americas	2780132	7320.880262
2007	72.777	Saudi Arabia	Asia	27601038	21654.83194
2007	72.801	Mauritius	Africa	1250882	10956.99112
2007	72.889	Colombia	Americas	44227550	7006.580419
2007	72.899	Nicaragua	Americas	5675356	2749.320965
2007	72.961	China	Asia	1318683096	4959.114854
2007	73.005	Bulgaria	Europe	7322858	10680.79282
2007	73.338	Hungary	Europe	9956108	18008.94444
2007	73.422	West Bank and Gaza	Asia	4018332	3025.349798
2007	73.747	Venezuela	Americas	26084662	11415.80569
2007	73.923	Tunisia	Africa	10276158	7092.923025
2007	73.952	Libya	Africa	6036914	12057.49928
2007	74.002	Serbia	Europe	10150265	9786.534714
2007	74.143	Syria	Asia	19314747	4184.548089
2007	74.241	Malaysia	Asia	24821286	12451.6558
2007	74.249	Vietnam	Asia	85262356	2441.576404
2007	74.543	Montenegro	Europe	684736	9253.896111
2007	74.663	Slovak Republic	Europe	5447502	18678.31435
2007	74.852	Bosnia and Herzegovina	Europe	4552198	7446.298803
2007	74.994	Ecuador	Americas	13755680	6873.262326
2007	75.32	Argentina	Americas	40301927	12779.37964
2007	75.537	Panama	Americas	3242173	9809.185636
2007	75.563	Poland	Europe	38518241	15389.92468
2007	75.635	Bahrain	Asia	708573	29796.04834
2007	75.64	Oman	Asia	3204897	22316.19287
2007	75.748	Croatia	Europe	4493312	14619.22272
2007	76.195	Mexico	Americas	108700891	11977.57496
2007	76.384	Uruguay	Americas	3447496	10611.46299
2007	76.423	Albania	Europe	3600523	5937.029526
2007	76.442	Reunion	Africa	798094	7670.122558
2007	76.486	Czech Republic	Europe	10228744	22833.30851
2007	77.588	Kuwait	Asia	2505559	47306.98978
2007	77.926	Slovenia	Europe	2009245	25768.25759
2007	78.098	Portugal	Europe	10642836	20509.64777
2007	78.242	United States	Americas	301139947	42951.65309
2007	78.273	Cuba	Americas	11416987	8948.102923
2007	78.332	Denmark	Europe	5468120	35278.41874
2007	78.4	Taiwan	Asia	23174294	28718.27684
2007	78.553	Chile	Americas	16284741	13171.63885
2007	78.623	Korea, Rep.	Asia	49044790	23348.13973
2007	78.746	Puerto Rico	Americas	3942491	19328.70901
2007	78.782	Costa Rica	Americas	4133884	9645.06142
2007	78.885	Ireland	Europe	4109086	40675.99635
2007	79.313	Finland	Europe	5238460	33207.0844
2007	79.406	Germany	Europe	82400996	32170.37442
2007	79.425	United Kingdom	Europe	60776238	33203.26128
2007	79.441	Belgium	Europe	10392226	33692.60508
2007	79.483	Greece	Europe	10706290	27538.41188
2007	79.762	Netherlands	Europe	16570613	36797.93332
2007	79.829	Austria	Europe	8199783	36126.4927
2007	79.972	Singapore	Asia	4553009	47143.17964
2007	80.196	Norway	Europe	4627926	49357.19017
2007	80.546	Italy	Europe	58147733	28569.7197
2007	80.653	Canada	Americas	33390141	36319.23501
2007	80.657	France	Europe	61083916	30470.0167
2007	80.745	Israel	Asia	6426679	25523.2771
2007	80.884	Sweden	Europe	9031088	33859.74835
2007	80.941	Spain	Europe	40448191	28821.0637
2007	81.701	Switzerland	Europe	7554661	37506.41907
2007	81.757	Iceland	Europe	301931	36180.78919
2007	82.208	Hong Kong, China	Asia	6980412	39724.97867
2007	82.603	Japan	Asia	127467972	31656.06806
